index,product,category,sub_category,brand,sale_price,market_price,type,rating,description
100,"Wonder Diaper Pants - Xtra Large, 12-17 Kg",Baby Care,Diapers & Wipes,Huggies,1266.38,1398.0,Diapers,4.0,"Huggies knows that nothing is more important than the comfort and well-being of your little baby. Choosing the best diaper for your baby is an important step in ensuring the comfort of your little one during the day as well as overnight. That is why we have lovingly designed Huggies Wonder Pants for the all-round comfort of your little one. These diaper pants keep your baby comfortable in the day and help them sleep peacefully at night without any wetness irritating their skin. Their cottony-soft material is gentle on their bum keeping their precious skin perfect. And their revolutionary Dry Touch Sheet pulls the wetness away from the skin of your baby keeping it dry and hygienic for up to 12 hours. If you are looking for safe and gentle care for your little one, stock up your diaper bags and changing tables with Huggies Wonder Pants."
174,Ultra Soft New Born Diapers - Extra Small,Baby Care,Diapers & Wipes,Huggies,699.0,999.0,Diapers,3.9,Huggies ultra soft pants are our softest diaper pants. The ultra-soft range is the very best from Huggies and features cotton-like softness to gently hug your baby. Every ultra-soft diaper pant is clinically proven to help prevent rashes.
220,Gentle Baby Wipes,Baby Care,Diapers & Wipes,Himalaya,699.0,699.0,Baby Wipes,4.1,"Infused with the goodness of Aloe Vera and Indian Lotus extracts, Gentle Baby Wipes are mild enough to soothe baby's bottoms during a diaper change. The wipes can also be used to gently cleanse baby's skin. The natural ingredients ensure that the baby remains bacteria-free throughout the day. Ideal for use when travelling."
368,New Dry Diapers - Medium,Baby Care,Diapers & Wipes,Huggies,388.88,425.0,Diapers,3.8,One of the most important baby care products that you buy for your baby is diapers. A good quality diaper can help keep your baby comfortable during play as well as sleep time. Choose Huggies New Dry Diapers - these diapers are highly absorbent and help in keeping your baby’s skin dry & fresh. These diapers are suitable for your baby’s skin to ensure uninterrupted play and nap time. Huggies New Dry is available in different sizes from Small to Large to suit your baby.
501,Active Baby Medium (6-11 kg) - 62 Diapers,Baby Care,Diapers & Wipes,Pampers ,1077.02,1099.0,Diapers,4.4,"Pamper Active Baby Medium Diapers have been planned to offer utmost comfort to your kid. It keeps your baby dry, even under stress, so he can play uninterruptedly. It is flex to fit where your baby needs it nearly all."
512,Premium Care XXXL - 23 Diaper Pants,Baby Care,Diapers & Wipes,Pampers ,850.26,1149.0,Diapers,3.8,"Pampers baby-dry pants style diapers are the only pants in India with new Air Channels providing your baby with a new type of dryness overnight; breathable dryness. Magic Gel that locks wetness away for up to 12 hours of dryness. The new & improved product design enables a comfortable fit, closer to the baby’s body. Flexible waistband that adapts to baby’s movements for a comfortable fit. Baby lotion with Aloe Vera helps protect your baby’s delicate skin from diaper rash and irritation. A top layer with cotton-like soft material, for a comfortable night’s sleep. Fun exterior graphics; fun designs and characters to enjoy with your baby."
839,Baby Wipes - Gentle,Baby Care,Diapers & Wipes,Himalaya Baby,44.0,44.0,Baby Wipes,4.3,"Cleanses, Moisturizes and keeps the delicate baby skin soft. An effective combination of herbs that moisturizes and keeps your baby's delicate skin soft, Aloe Vera ensure moisture balance to keep your baby's skin soft and supple. Indian Lotus keeps the skin dry and smooth, Your baby needs gentle care and Protection.Himalaya Herbal Healthcare range of baby product are specially to ensure the health of your baby's delicate and sensitive skin. Clinically tested for mildness, these product maintain the fragile and complete well-being of your baby's skin."
1091,"Reusable Fabric Diaper - Medium, Pink",Baby Care,Diapers & Wipes,Paw Paw,269.0,269.0,Diapers,,"India's no.1 reusable diaper, Paw Paw Fabric Diaper is highly absorbant, less susceptible to skin rashes & skin allergies, unlike disposable diapers. The reusable diaper is an eco-friendly diapering option that helps to reduce disposable waste in our landfills. It has a reusable printed outer shell and super-absorbent reusable insert pad. It is very gentle for your little one's skin."
1301,Wonder Dry Pants - Double Extra Large Size Diapers,Baby Care,Diapers & Wipes,Huggies,456.58,499.0,Diapers,4.1,"Huggies knows that nothing is more important than the comfort and well-being of your little baby. Choosing the best diaper for your baby is an important step in ensuring the comfort of your little ones during the day as well as overnight. That is why we have lovingly designed Huggies Wonder Pants for the all-round comfort of your little one. These diaper pants keep your baby comfortable in the day and help them sleep peacefully at night without any wetness irritating their skin. Their cottony-soft material is gentle on their bum keeping their precious skin perfect. And the revolutionary dry touch sheet pulls the wetness away from the skin of your baby keeping it dry and hygienic for up to 12 hours. If you are looking for safe and gentle care for your little one, stock up your diaper bags and changing tables with Huggies Wonder Pants. It comes with a super-stretchy material that fits your baby like a hug of a mother. It has double leak guard to keep all worries of leakage at bay."
1303,Premium Care XXL - 30 Diaper Pants,Baby Care,Diapers & Wipes,Pampers ,813.26,1099.0,Diapers,4.5,"New Pampers Premium Pants with cotton-like soft materials is best for your baby’s delicate skin. Pampers Premium Pants contain lotion with Aloe Vera and 3 Air Channels which helps your baby’s skin breathe. Experience 5 Star comfort with unique added features like Wetness Indicator which turns Yellow to Blue indication when you may change and Disposal Tape which helps you in easy disposal of the diaper. Pampers is the No. 1 choice of Doctors for diapers. Pampers Premium Pants are available in New-born (NB), S, M, L, XL and XXL sizes."
1420,Premium Care Medium - 54 Diaper Pants,Baby Care,Diapers & Wipes,Pampers ,813.26,1099.0,Diapers,4.3,"New Pampers Premium Pants with cotton-like soft materials is best for your babys delicate skin. Pampers Premium Pants contain lotion with Aloe Vera and 3 Air Channels which helps your babys skin breathe. Experience 5 Star comfort with unique added features like Wetness Indicator which turns Yellow to Blue indication when you may change and Disposal Tape which helps you in the easy disposal of the diaper. Pampers is the No. 1 choice of Doctors for diapers. Pampers Premium Pants are available in New-born (NB), S, M, L, XL and XXL sizes."
1520,Breathable Premium Baby Diaper Pants With Wetness Indicator - Small,Baby Care,Diapers & Wipes,Mee Mee,319.2,399.0,Diapers,,"We know that nothing is more powerful than a mother's touch. No one can give your baby the kind of softness and protection you can. Inspired by mothers, Mee Mee Premium Diaper Pants use super absorbent polymers technology to make a premium quality, a breathable product that is exceptionally soft and cloth-like. Equipped with a unique Wetness Indicator, it helps you to know that it is time for a diaper change by simply turning green."
1594,Ultra Soft Premium Pants New Born - 22 Diapers,Baby Care,Diapers & Wipes,Huggies,288.23,315.0,Diapers,4.0,"Huggies understands that nothing is more important than the comfort and well-being of your little baby. Huggies Ultra Soft is our best care for the sensitive skin of your baby. Every Ultra Soft Diaper pant is clinically proven to help prevent rashes. The air-fresh material in our Ultra Soft range makes it the most breathable diapers of India. With up to 12 hours of absorption, Ultra Soft Diaper pants are perfect for your little one to sleep in comfortably all night or play in all day. The cottony softness of Ultra Soft pants ensures your baby is always wrapped in a world of comfort. It has wetness indicator that turns from yellow to blue to suggest that its time for a diaper change."
1647,Breathable Premium Baby Diaper Pants With Wetness Indicator - Medium,Baby Care,Diapers & Wipes,Mee Mee,319.2,399.0,Diapers,4.0,"We know that nothing is more powerful than a mother's touch. No one can give your baby the kind of softness and protection you can. Inspired by mothers, Mee Mee Premium Diaper Pants use super absorbent polymers technology to make a premium quality, a breathable product that is exceptionally soft and cloth-like. Equipped with a unique Wetness Indicator, it helps you to know that it is time for a diaper change by simply turning green."
1673,Premium Care XXL - 60 Diaper Pants,Baby Care,Diapers & Wipes,Pampers ,1583.28,2199.0,Diapers,4.3,"New Pampers Premium Pants with cotton-like soft materials is best for your baby’s delicate skin. Pampers Premium Pants contain lotion with Aloe Vera and 3 Air Channels which helps your baby’s skin breathe. Experience 5 Star comfort with unique added features like Wetness Indicator which turns Yellow to Blue indication when you may change and Disposal Tape which helps you in easy disposal of the diaper. Pampers is the No. 1 choice of Doctors for diapers. Pampers Premium Pants are available in New-born (NB), S, M, L, XL and XXL sizes."
1897,Premium Care Medium Monthly Box Pack - 108 Diaper Pants,Baby Care,Diapers & Wipes,Pampers ,1540.0,2199.0,Diapers,3.9,"New Pampers Premium Pants with cotton-like soft materials is best for your babys delicate skin. Pampers Premium Pants contain lotion with Aloe Vera and 3 Air Channels which helps your babys skin breathe. Experience 5 Star comfort with unique added features like Wetness Indicator which turns Yellow to Blue indication when you may change and Disposal Tape which helps you in the easy disposal of the diaper. Pampers is the No. 1 choice of Doctors for diapers. Pampers Premium Pants are available in New-born (NB), S, M, L, XL and XXL sizes."
1942,"Reusable Fabic Diaper - Large, Pink",Baby Care,Diapers & Wipes,Paw Paw,269.0,269.0,Diapers,2.7,"India's no.1 reusable diaper, Paw Paw Fabric Diaper is highly absorbant, less susceptible to skin rashes & skin allergies, unlike disposable diapers. The reusable diaper is an eco-friendly diapering option that helps to reduce disposable waste in our landfills. It has a reusable printed outer shell and super-absorbent reusable insert pad. It is very gentle for your little one's skin."
1944,New Dry Small - 36 Diapers,Baby Care,Diapers & Wipes,Huggies,430.05,470.0,Diapers,3.9,"One of the most important baby care products that you will buy for your baby is diapers. Whether it is for your newborn or for your toddler who is yet to go to the bathroom by himself or herself, diapers are the product that can make your first year of parenting easy or tough. If you have thought of not using diapers, just consider the consequences. Cloth diapers not only have to be changed more often, but they have to be washed and sanitised every single time. Also, if the fabric is not smooth enough, it will constantly rub against the skin of your baby which may lead to scratches or redness. To spare your baby and yourself all this trouble, switch to diapers, especially these ones from Huggies. Choose Huggies dry diapers for your child and you will both sleep soundly through the night. Whether it is playtime, nap time or bedtime, these diapers are okay for any activities that you have planned for your baby. The magic gel formula will pull in any wetness instantly and keeps the bottom of your child dry. The absorbent core locks in all the fluid after distributing it evenly. These diapers are highly absorbent and keep your baby relaxed and dry, even when he or she is crawling and on the move. The double leak guard prevents leakage along the sides, keeping both the baby and your floors clean. Huggies dry diapers come with wear any side snug fit, giving you the freedom to make your baby wear his or her diaper any way you want."
1981,New Dry Large Box Packs,Baby Care,Diapers & Wipes,Pampers ,1655.28,2299.0,Diapers,4.2,"Pampers dry, pants style diapers are the only pants in India with new air channels that provide your baby with breathable dryness overnight. It contains a magic gel that locks wetness away for up to 12 hours and the new and improved design enables a comfortable fit, closer to the baby's body. The diaper pants have a flexible waistband that adapts to the baby's movements for a comfortable fit, while the baby lotion with aloe vera helps protect your baby's delicate skin from diaper rash and irritation. The diaper pants top layer is made of a cotton-like soft material, for a comfortable night sleep, while the exterior has fun graphics, designs and characters on it."
2038,Baby Happy Xtra Large - 46 Diapers,Baby Care,Diapers & Wipes,Bella,833.0,859.0,Diapers,5.0,"Bella Baby Happy is the European brand of premium Baby diapers, IMPORTED FROM EUROPE. Happy diapers are featured with cutting - edge DIAPER RASH FREE SYSTEM - a complex of unique features that keep your Baby's skin healthy. Happy diapers prevent the appearance of rashes irritations, allergies and reddening. AIR CIRCULATION - special outer cover allows full air circulation that keeps the right temperature inside a diaper, lets the vapour go through and keeps your Baby's skin dry, fresh and healthy. GREEN TEA EXTRACT - green tea extract has antibacterial & anti-inflammatory properties and it neutralizes the unpleasant smell. SKIN FRIENDLY TECHNOLOGY - latex and chlorine-free components minimise the risk of rashes and allergic reactions. MAGIC GEL - magic pearls transform the liquid into gel and isolate wetness from Baby's bottom. Fast absorption effectively protects against leakages and ensures maximum dryness. Gentle gathers on both sides of a diaper hold the moisture inside and prevent leakages. Elastic tapes guarantee freedom of movement with no pressure on Baby's delicate skin. Symmetrical pictures in front of a diaper enable proper fastening."
2040,Total Care Baby Pants Diapers - S,Baby Care,Diapers & Wipes,Himalaya,1000.0,1000.0,Diapers,5.0,Powered by natural anti-rash shield: Indian Aloe and Yashad Bhasma (Zinc Oxide) (that prevent the risk of diaper rash) Soft easy-to-fit design offer care and comfort to your baby. silky soft inner layer for soft & sensitive skin Breathable fabric ensures proper air circulation and leakproof soft elastic edges prevent leakage. Superabsorbent polymer (SAP) layer: Rapidly absorbs multiple wettings and provides maximum protection from dampness. Wetness indicator: Turns green to show when the baby wets the diaper. Keeps skin dry so that baby gets an undisturbed and restful sleep.
2376,"Nature Care Diaper Pants - Large, Monthly Pack",Baby Care,Diapers & Wipes,Huggies,2183.09,2399.0,Diapers,,"Nature's gentle protection for your baby's delicate skin. Presenting the new Huggies Nature Care Diaper Pants. Made with organic cotton and a pH balanced liner, it's the ideal pant-style diaper for your little one's delicate skin. With no added parabens, latex & chlorine it gently protects your baby's skin. It's more than a diaper pant, it's a hug from Nature. Made with organic cotton and a pH balanced liner with no added parabens, latex & chlorine with the wetness indicator."
2476,"Total Care Baby Pants - Small, 9S",Baby Care,Diapers & Wipes,Himalaya,125.0,125.0,Diapers,3.7,"Powered by a natural anti-rash shield, Indian Aloe and Yashad Bhasma (Zinc Oxide, that prevents the risk of diaper rash), it is soft and has an easy-to-fit design. It offers care and comfort to your baby; silky soft inner layer for soft & sensitive skin.Breathable fabric ensures proper air circulation and leakproof soft elastic edges prevent leakage. Super Absorbent Polymer (SAP) layer rapidly absorbs multiple wettings and provides maximum protection from dampness. Wetness indicator turns green to show when baby wets the diaper keeps skin dry so that baby gets an undisturbed and restful sleep."
2580,New Dry Diapers - Small Size,Baby Care,Diapers & Wipes,Huggies,705.0,940.0,Diapers,2.5,One of the most important baby care products that you buy for your baby is diapers. A good quality diaper can help keep your baby comfortable during play as well as sleep time. Choose Huggies New Dry Diapers – these diapers are highly absorbent and help in keeping your baby’s skin dry & fresh. These diapers are suitable for your baby’s skin to ensure uninterrupted play and nap time. Huggies New Dry is available in different sizes from Small to Large to suit your baby.
2684,Total Care Large - 54 Diaper Pants,Baby Care,Diapers & Wipes,Himalaya Baby,823.0,875.0,Diapers,4.0,"Your baby requires the utmost care. Himalaya Total Care Baby Pants is a one-step diaper solution specially designed for comfort, protection and total care of baby's skin. Himalaya Total Care Baby Pants comes in an easy to wear pant style design that offers a soft and comfortable fit & are easy to pull on and off. Enriched with the goodness of Aloe vera and Yashada bhasma, Himalaya Total Care Baby Pants offers a protective anti-rash shield that reduces the activity of harmful enzymes and prevents diaper rash."
2761,Nature Care Diaper Pants - Small Size,Baby Care,Diapers & Wipes,Huggies,363.09,399.0,Diapers,5.0,"Nature's gentle protection for your baby's delicate skin. Presenting the new Huggies Nature Care Diaper Pants. Made with organic cotton and a pH balanced liner, it's the ideal pant-style diaper for your little one's delicate skin. With no added parabens, latex & chlorine it gently protects your baby's skin. It's more than a diaper pant, it's a hug from Nature. Made with organic cotton and a pH balanced liner with no added parabens, latex & chlorine with the wetness indicator."
2816,"Pants - Extra Absorb Diaper, Medium Size",Baby Care,Diapers & Wipes,Mamypoko,975.0,1499.0,Diapers,4.3,"MamyPoko Pants Extra Absorb Diapers with crisscross absorbent sheet absorbs 7 glasses of urine and spreads it equally, so there is no fear of heaviness. Its stretchable thigh support prevents gaps between diaper and baby's thigh, hence prevents leakage."
3055,Kare in Adult Diapers Medium,Baby Care,Diapers & Wipes,Kare In,327.25,385.0,Diapers,4.1,"Kare In adult diaper have been designed with your comfort in mind. The Kare In adult diaper has a super soft inner cotton padding that feels comfortable like cloth and its re-fastenable tapes can be adjusted for a comfortable fit. The Kare In adult diaper has a super absorbent gel core that keeps you feel dry and fresh for hours, without having to worry about incontinence. Its time to step out of those embarrassing moments, regain your confidence and experience the joy of being free again."
3291,"Wonder Diaper Pants - Small, 4-8 Kg",Baby Care,Diapers & Wipes,Huggies,1266.38,1398.0,Diapers,3.9,"Huggies knows that nothing is more important than the comfort and well-being of your little baby. Choosing the best diaper for your baby is an important step in ensuring the comfort of your little one during the day as well as overnight. That is why we have lovingly designed Huggies Wonder Pants for the all-round comfort of your little one. These diaper pants keep your baby comfortable in the day and help them sleep peacefully at night without any wetness irritating their skin. Their cottony-soft material is gentle on their bum keeping their precious skin perfect. And their revolutionary Dry Touch Sheet pulls the wetness away from the skin of your baby keeping it dry and hygienic for up to 12 hours. If you are looking for safe and gentle care for your little one, stock up your diaper bags and changing tables with Huggies Wonder Pants."
3306,Premium Soft Diaper Pants - Large Size,Baby Care,Diapers & Wipes,Huggies,718.92,798.0,Diapers,,"Our softest for your softest. Introducing the Premium Soft Pants with the breakthrough Silky Cocoon design from Huggies. Its Cushion Waistband ensures a gentle, comfortable fit that helps prevent red marks and Silken Outer Cover Provides luxurious, silky softness. Your baby spends a good part of their day in a diaper. Therefore, choosing the right diaper for their tender and delicate skin is extremely important. And this is where, Huggies introduce the next generation product, India’s 1st diaper pants with the unique Bubble-Bed technology. This is so soft & fluffy that it feels like a bed against your baby’s bottom, keeping it extremely comfortable. Moreover, it absorbs the wetness and spreads it out evenly, keeping your little one's bottom dry."
3422,New Xtra Small - 86 Diaper Pants,Baby Care,Diapers & Wipes,Pampers ,813.26,1099.0,Diapers,3.3,"Pampers baby-dry pants style diapers are the only pants in India with new Air Channels providing your baby with a new type of dryness overnight; breathable dryness. Magic Gel that locks wetness away for up to 12 hours of dryness. The new & improved product design enables a comfortable fit, closer to the body of the baby. A flexible waistband that adapts to babys movements for a comfortable fit. Baby lotion with Aloe Vera helps protect the delicate skin of the baby from diaper rash and irritation. A top layer with a cotton-like soft material, for a comfortable nights sleep. Fun exterior graphics; fun designs & characters to enjoy with your baby."
3499,Dry Pants Diapers - Medium,Baby Care,Diapers & Wipes,Huggies,182.09,199.0,Diapers,3.7,"Your baby spends a good part of their day in a diaper. Therefore, choosing the right diaper for their tender and delicate skin is extremely important. And this is where, we introduce our next-generation product, India’s 1st diaper pants with the unique Bubble-Bed technology. There are 3 areas where a diaper surrounds the baby’s skin, the baby’s bottom, the baby’s waist, and the baby’s thigh. The skin of the baby in all these areas is extremely delicate and sensitive. The next generation Bubble wala Huggies has 3 unique features which provide our best care & comfort in all these 3 areas.This next-generation diaper pant is lined with the super-soft 3-D Bubble-Bed in the inside layer of the diaper. This is so soft & fluffy that it feels like a bed against your baby’s bottom, keeping it extremely comfortable. Moreover, it absorbs the wetness and spreads it out evenly, keeping your little one's bottom dry."
3520,Premium Care Small - 140 Diaper Pants,Baby Care,Diapers & Wipes,Pampers ,2199.0,2199.0,Diapers,4.5,"New Pampers Premium Pants with cotton-like soft materials is best for your baby’s delicate skin. Pampers Premium Pants contain lotion with Aloe Vera and 3 Air Channels which helps your baby’s skin breathe. Experience 5 Star comfort with unique added features like Wetness Indicator which turns Yellow to Blue indication when you may change and Disposal Tape which helps you in easy disposal of the diaper. Pampers is the No. 1 choice of Doctors for diapers. Pampers Premium Pants are available in New-born (NB), S, M, L, XL and XXL sizes."
3620,Baby Happy Wet Wipes - Silk & Cotton,Baby Care,Diapers & Wipes,Bella,189.0,189.0,Baby Wipes,,"Bella Baby Happy is the European brand of premium Baby products. Bella Baby Happy Wet Wipes with Silk and Cotton extracts moisturise and protect the skin, soothe irritations. Neutral pH leaves natural protective skin barrier intact. Recommended for babies and children daily hygiene. Enriched with natural proteins of silk that cleanse and moisturise babys skin. Enriched with extract of cotton that protects the skin and soothes irritation. Bella Baby Happy wet wipes have a neutral 5.5 pH, so the natural protective barrier of the skin remains intact. Can be used on the babys or childs whole body. Do not contain soap, Parabens - free, Alcohol - free. Ensure delicate and effective cleansing. IMPORTED FROM EUROPE."
3740,Gentle Baby Wipes - (SSC) IND Offer,Baby Care,Diapers & Wipes,Himalaya,350.0,350.0,Baby Wipes,4.5,"Gentle baby wipes from Himalaya are simple and easy to use. Infused with the goodness of Aloe Vera and Indian Lotus extracts, Gentle Baby Wipes are mild enough to soothe baby's bottoms during a diaper change. The wipes can also be used to gently cleanse baby's skin. The natural ingredients ensure that the baby remains bacteria-free throughout the day. Ideal for use when travelling."
3797,Easy Adult Diaper - Medium,Baby Care,Diapers & Wipes,Friends,430.0,500.0,Diapers,2.5,Friends Easy Adult Diapers provide up to 8 hrs of protection. It has a high absorbency rate and comes with a Wetness Indicator.
3855,Reusable Diaper Insert Pads,Baby Care,Diapers & Wipes,Paw Paw,159.0,159.0,Diapers,2.8,"India's no.1 reusable diaper, Paw Paw Fabric Diaper is highly absorbant, less susceptible to skin rashes & skin allergies, unlike disposable diapers. The reusable diaper is an eco-friendly diapering option that helps to reduce disposable waste in our landfills. With a unique rapisoak technology, this diaper has fine stitching which is tough to break and no colouring agent is used. Its feathery soft touch is perfect for your little one's skin."
3907,Baby Happy Diapers - Before Newborn,Baby Care,Diapers & Wipes,Bella,920.0,920.0,Diapers,,"Early Care System – newborns and infants require especially gentle care, that’s why Early Care System consists of qualities most vital for them – softness, gentleness and avoiding rushes and irritations to the sensitive skin. Specially embossed inner non-woven material provides quick absorption, and its gentle, soft structure tucks in the sensitive skin of the littlest ones. Along with soft outer layer makes the diaper feel like the softest underwear. The breathable outer layer protects against irritations and wetness indicator lets the parents decide when to change the diaper. Airflow Technology - Breathability of the diaper provides access to the fresh air to the baby's skin, prevents diaper rash and minimizes the risk of irritation. Premium Dry - Special embossed non-woven speeds-up the absorption and increases the feeling of the dryness. Extra Softcover - Super soft external layer of the diaper provides a feeling of exceptional softness and comfort. Wetness Indicator - To ensure that your baby will always have dry skin - there is a wetness indicator, which clearly (by colour change) shows to the parents that the diaper needs to be changed. 0% perfume – Happy diapers do not have any synthetic fragrances. 0% chlorine – do not contain raw material bleached with elemental chlorine, 0% latex – do not contain latex elements which may cause irritations in people sensitive to this material. Happy diapers are dermatologically tested, they also have a positive opinion from the Mother and Child Institute of Poland and a positive opinion from the Polish National Insitute of Hygiene."
4201,New Small - 86 Diaper Pants,Baby Care,Diapers & Wipes,Pampers ,713.0,1149.0,Diapers,4.1,"Pampers baby-dry pants style diapers are the only pants in India with new Air Channels providing your baby with a new type of dryness overnight; breathable dryness. Magic Gel that locks wetness away for up to 12 hours of dryness. The new & improved product design enables a comfortable fit, closer to the baby's body. The flexible waistband that adapts to baby's movements for a comfortable fit. Baby lotion with Aloe Vera helps protect your baby's delicate skin from diaper rash and irritation. A top layer with a cotton-like soft material, for a comfortable nights sleep. Fun exterior graphics, fun designs & characters to enjoy with your baby."
4216,Pampers Pants Diapers - Medium Size 80pcs + Sebamed Baby Wash - Extra Soft 400ml,Baby Care,Diapers & Wipes,bb Combo,1778.0,1778.0,Diapers,,"Indias Driest Pants- Let your babys skin be dry and breathe easy with the airy, soft comfort offered by the Pampers Pants. While other ordinary pants seem dry from outside, Pampers Pants with Magic gel and larger absorbency zone keeps your baby dry from the inside for up to 12 hours. This diaper is infused with baby lotion, which moisturizes and nourishes your babys skin and protects it from diaper rash, roughness and irritation. With an outer layer of cotton-like softness, this baby diaper provides intense care to your babys sensitive skin and protects it effectively from friction rash and redness. Featuring pant style design, these Pamper diapers are easy to put on your baby and change, which comes as a great help to mothers. Offering complete care and protection, these baby pants will help keep your baby smiling and comfortable at all times. Your baby will laugh and play in comfort of wearing Pampers pants.   Sebamed baby wash extra soft has pH of 5. 5 and has sugar based mild cleanser. Other cleansers for baby have pH>7 which leads to barrier damage. When baby is born, skin pH is 7. The acid mantle which protects the babys delicate skin takes a few weeks to 3 months to develop, the pH of skin then becomes 5. 5. At pH 5. 5 alone the skins protective barrier remains intact. It has been clinically proven that only at pH 5. 5, the lipid and moisture loss is minimum and the growth of pathogenic bacteria is restricted. Sebamed baby wash extra soft is fortified with lipids similar to vernix (same as in mothers womb) to protect and hydrate the babys skin. Sebamed baby wash extra soft is free from irritants and hence has 0% incidences of irritant reactions. Sebamed baby wash extra soft contains botanical ingredient, hence the reported incidence of allergic reaction is 0. 000003%. Only at pH 5. 5 the babys delicate eyes are not irritated and the tear free formula is free from formaldehyde."
4329,Baby Happy Tissues,Baby Care,Diapers & Wipes,Bella,144.0,150.0,Baby Wipes,5.0,Bella No1 is the European brand of premium quality tissue and paper products manufactured according to the highest standards to ensure the best quality and unusual softness.
4468,Baby Happy Pants - Extra Large,Baby Care,Diapers & Wipes,Bella,649.0,649.0,Diapers,3.0,"Bella Baby Happy is the European brand of premium Baby products created with love for the little ones and introduced in India to ensure the highest comfort of care, so Mom and Baby can cherish the unforgettable moments of happiness together. Baby pants imported from Russia. Airflow technology allows free air circulation to protect from skin irritations and rashes. A quick and simple way of putting the diaper on. Fast absorption and a great feeling of dryness. Easy and hassle-free diaper changing. Underwear like. Safety confirmed by dermatologists (no perfume, no chlorine, no latex)."
4528,New Xtra Large - 5 Diaper Pants,Baby Care,Diapers & Wipes,Pampers ,102.9,105.0,Diapers,3.8,"Pampers baby diaper pants are the only pants in India with new air channels providing your baby with a new type of dryness overnight; breathable dryness. Magic Gel that locks the wetness away for up to 12 hours of dryness. The new and improved product design enables a comfortable fit, closer to the baby's body. A flexible waistband that adapts to the baby's movements for a comfortable fit. Baby lotion with aloe vera helps protect your baby's delicate skin from diaper rash and irritation. A top layer with the cotton-like soft material, for a comfortable nights sleep. Fun exterior graphics; fun designs and characters to enjoy with your baby."
4604,Wonder Pants Small - 126 Diapers,Baby Care,Diapers & Wipes,Huggies,1371.59,1499.0,Diapers,3.9,"Nothing can be more important than the comfort & well-being of your baby. Our flagship diaper pants, Huggies Wonder Pants, have been carefully designed to protect your precious bundle of joy. Cushiony Cotton Soft Material all round keeps your baby’s precious skin perfect. Outstanding absorption up to 12 hours wraps your baby in a world of comfort. Advanced Dry Touch Sheet keeps your baby dry all night long."
4682,Ultra Soft Premium Pants Small - 50 Diaper Pants,Baby Care,Diapers & Wipes,Huggies,704.55,770.0,Diapers,4.0,"Huggies understands that nothing is more important than the comfort and well-being of your little baby. Huggies Ultra Soft is our best care for the sensitive skin of your baby. Every Ultra Soft Diaper pant is clinically proven to help prevent rashes. The air-fresh material in our ultra-soft range makes it the most breathable diapers In India. With up to 12 hours of absorption, Ultra Soft Diaper pants are perfect for your little one to sleep in comfort all night or play in all day. The cottony softness of ultra-soft pants ensures your baby is always wrapped in a world of comfort. It has a wetness indicator that turns from yellow to blue to suggest that its time for a diaper change."
4726,Wonder Pants Medium Size Diapers Monthly Pack,Baby Care,Diapers & Wipes,Huggies,1401.87,2199.0,Diapers,3.1,"Nothing can be more important than the comfort & well-being of your baby. Our flagship diaper pants, Huggies Wonder Pants, have been carefully designed to protect your precious bundle of joy. Cushiony cotton soft material all round keeps your baby’s precious skin perfect. Outstanding absorption up to 12 hours wraps your baby in a world of comfort. Advanced dry touch sheet keeps your baby dry all night long. Cushiony cotton soft material all round keeps your baby's precious skin perfect"
4786,Diaper Pants - New Baby,Baby Care,Diapers & Wipes,Pampers ,552.21,699.0,Diapers,3.8,"Pampers baby-dry pants style diapers are the only pants in India with new Air Channels providing your baby with a new type of dryness overnight; breathable dryness. Magic Gel that locks wetness away for up to 12 hours of dryness. The new and improved product design enables a comfortable fit, closer to the body of the baby. A flexible waistband that adapts to baby's movements for a comfortable fit. Baby lotion with Aloe Vera helps protect the delicate skin of the baby from diaper rash and irritation. A top layer with a cotton-like soft material, for a comfortable nights sleep. Fun exterior graphics; fun designs & characters to enjoy with your baby."
5055,Baby Diapers & Sanitary Disposal Bag,Baby Care,Diapers & Wipes,Bodyguard,95.04,99.0,Diapers,4.6,"Now Bigger & Better! Worried about disposing of your Sanitary & Intimate Products? Made in India, 'I Love Clean' by BodyGuard are Cute Oxo BioDegradable Disposable Sanitary Bags & are best for Hygienic Disposal of Intimate Care Products (Sanitary Pads, Tampons, Panty Liners, Baby Diapers, Condoms, PeeBuddy) or General products (which need discreet disposal). No More Black Plastic Bags, No More Newspaper. Now use I Love Clean."
5177,Wonder Pants Small Size Diapers Monthly Pack,Baby Care,Diapers & Wipes,Huggies,1910.09,2099.0,Diapers,3.3,"Nothing can be more important than the comfort & well-being of your baby. Our flagship diaper pants, Huggies Wonder Pants, have been carefully designed to protect your precious bundle of joy. Cushiony cotton soft material all round keeps your baby’s precious skin perfect. Outstanding absorption up to 12 hours wraps your baby in a world of comfort. Advanced dry touch sheet keeps your baby dry all night long. Cushiony cotton soft material all round keeps your baby's precious skin perfect"
5278,"Pants - Extra Absorb Diaper, Small Size",Baby Care,Diapers & Wipes,Mamypoko,99.0,99.0,Diapers,4.0,"MamyPoko Pants Extra Absorb is a Pant Style diaper that can be used most comfortably for the baby at night because of the powerful slim core that can absorb up to 12 hours, it prevents leakage till morning. Therefore, your baby can sleep soundly all night and wake up with a big smile in the morning."
5319,Total Care Baby Pants Diapers - L,Baby Care,Diapers & Wipes,Himalaya,1065.0,1200.0,Diapers,1.0,Powered by natural anti-rash shield: Indian Aloe and Yashad Bhasma (Zinc Oxide) (that prevent the risk of diaper rash) Soft easy-to-fit design offer care and comfort to your baby. silky soft inner layer for soft & sensitive skin Breathable fabric ensures proper air circulation and leakproof soft elastic edges prevent leakage. Superabsorbent polymer (SAP) layer: Rapidly absorbs multiple wettings and provides maximum protection from dampness. Wetness indicator: Turns green to show when the baby wets the diaper. Keeps skin dry so that baby gets an undisturbed and restful sleep.
5414,Smart Baby Diaper Pants - Medium,Baby Care,Diapers & Wipes,Bebe,1049.0,1049.0,Diapers,,Bebe baby-dry pants style diapers providing your baby with the comfort of dryness overnight. It comes with a magic gel that locks wetness away for up to 12 hours of dryness. The new & improved product design enables a comfortable fit and comes equipped with a flexible waist-band that adapts to baby's movements for a comfortable fit. It helps protect your baby's delicate skin from diaper rash and irritation. It also comes equipped with a top layer with cotton-like soft material for a comfortable nights sleep.
5664,Premium Care Medium Diapers - Super Value Pack,Baby Care,Diapers & Wipes,Pampers ,2375.28,3299.0,Diapers,4.7,"New Pampers Premium Pants with cotton-like soft materials is best for your baby’s delicate skin. Pampers Premium Pants contain lotion with Aloe Vera and 3 Air Channels which helps your baby’s skin breathe. Experience 5 Star comfort with unique added features like Wetness Indicator which turns Yellow to Blue indication when you may change and Disposal Tape which helps you in easy disposal of the diaper. Pampers is the No. 1 choice of Doctors for diapers. Pampers Premium Pants are available in New-born (NB), S, M, L, XL and XXL sizes."
5831,Dry Pants Diapers - Medium,Baby Care,Diapers & Wipes,Huggies,319.33,349.0,Diapers,4.5,"Your baby spends a good part of their day in a diaper. Therefore, choosing the right diaper for their tender and delicate skin is extremely important. And this is where, we introduce our next-generation product, India’s 1st diaper pants with the unique Bubble-Bed technology. There are 3 areas where a diaper surrounds the baby’s skin, the baby’s bottom, the baby’s waist, and the baby’s thigh. The skin of the baby in all these areas is extremely delicate and sensitive. The next generation Bubble wala Huggies has 3 unique features which provide our best care & comfort in all these 3 areas.This next-generation diaper pant is lined with the super-soft 3-D Bubble-Bed in the inside layer of the diaper. This is so soft & fluffy that it feels like a bed against your baby’s bottom, keeping it extremely comfortable. Moreover, it absorbs the wetness and spreads it out evenly, keeping your little one's bottom dry."
5869,Premium Care Large - 30 Diaper Pants,Baby Care,Diapers & Wipes,Pampers ,512.71,649.0,Diapers,4.4,"New Pampers Premium Pants with cotton-like soft materials is best for the delicate skin of the baby. Pampers Premium Pants contain lotion with Aloe Vera and 3 Air Channels which helps the skin breathe. Experience 5 Star comfort with unique added features like Wetness Indicator which turns Yellow to Blue indication when you may change and Disposal Tape which helps you in the easy disposal of the diaper. Pampers is the No. 1 choice of diapers as rated by Doctors. Pampers Premium Pants are available in New-born (NB), S, M, L, XL and XXL sizes."
5916,Wonder Pants Xtra Large - 90 Diapers,Baby Care,Diapers & Wipes,Huggies,1463.09,1599.0,Diapers,4.4,"Nothing can be more important than the comfort & well-being of your baby. Our flagship diaper pants, Huggies Wonder Pants, have been carefully designed to protect your precious bundle of joy. Cushiony Cotton Soft Material all round keeps your baby’s precious skin perfect. Outstanding AbsorptionuUp to 12 hours wraps your baby in a world of comfort. Advanced Dry Touch Sheet keeps your baby dry all night long."
5975,Wonder Pants Xtra Small - 24 Diapers,Baby Care,Diapers & Wipes,Huggies,192.15,210.0,Diapers,4.2,"Nothing can be more important than the comfort & well-being of your baby. This flagship diaper pants, Huggies Wonder Pants, have been carefully designed to protect your precious bundle of joy. It has cushiony cotton soft material all round to keep the precious skin of your baby perfect. It has outstanding absorption up to 12 hours which wraps your baby in a world of comfort. It has advanced dry touch sheet to keep your baby dry all night long."
6419,Active Baby Large - 50 Diaper Pants,Baby Care,Diapers & Wipes,Pampers ,1077.02,1099.0,Diapers,4.3,"Pampers Active Baby Diapers have been designed to enhance your baby's comfort while they are busy in their daily activities. New Pampers with magic gel can absorb quicker and hence keep the skin dry for up to 10 hours. So your baby's skin will be dry throughout the night and give him a peaceful, undisturbed golden sleep. It has a lotion with aloe vera extract to protect baby's skin."
6537,"New Diapers Pants, Large",Baby Care,Diapers & Wipes,Pampers ,391.02,399.0,Diapers,4.6,"Pampers dry, pants style diapers are the only pants in India with new air channels that provide your baby with breathable dryness overnight. It contains a magic gel that locks wetness away for up to 12 hours and the new and improved design enables a comfortable fit, closer to the baby's body. The diaper pants have a flexible waistband that adapts to the baby's movements for a comfortable fit, while the baby lotion with aloe vera helps protect your baby's delicate skin from diaper rash and irritation. The diaper pants top layer is made of a cotton-like soft material, for a comfortable night sleep, while the exterior has fun graphics, designs and characters on it."
6724,Splashers Xtra Large - 10 Disposable Swim Diaper Pants,Baby Care,Diapers & Wipes,Pampers ,999.0,999.0,Diapers,,"Your baby is free to make a splash in Pampers Splashers disposable swim diapers! Pampers Splashers don't swell in water like regular diapers, giving your baby a comfortable fit when wet or dry. For secure protection in the water, Splashers Dual-Leak Guard Barriers fit snugly around your baby's legs to help contain messes, making them perfect for the pool, beach, splash park, and more. Only Pampers Splashers are designed with a 360 Degree, all-around stretchy waistband that fits like swimwear and easily pulls on and off even when wet. Plus, Splashers are equipped with Easy-Tear Sides for quick disposal with less mess, and our adorable, swim-inspired, all-over graphics look like real swimwear. Pampers Splashers make a day at the pool even more fun."
6752,"Reusable Fabric Diaper - Medium, Blue",Baby Care,Diapers & Wipes,Paw Paw,269.0,269.0,Diapers,5.0,"India's no.1 reusable diaper, Paw Paw Fabric Diaper is highly absorbant, less susceptible to skin rashes & skin allergies, unlike disposable diapers. The reusable diaper is an eco-friendly diapering option that helps to reduce disposable waste in our landfills. It has a reusable printed outer shell and super-absorbent reusable insert pad. It is very gentle for your little one's skin."
6757,Wonder Pants Large - 99 Diapers,Baby Care,Diapers & Wipes,Huggies,1463.09,1599.0,Diapers,5.0,"Nothing can be more important than the comfort & well-being of your baby. Our flagship diaper pants, Huggies Wonder Pants, have been carefully designed to protect your precious bundle of joy. Cushiony Cotton Soft Material all round keeps your baby’s precious skin perfect. Outstanding Absorption up to 12 hours wraps your baby in a world of comfort. Advanced Dry Touch Sheet keeps your baby dry all night long."
6790,Wonder Dry Pants - Double Extra Large Size Diapers,Baby Care,Diapers & Wipes,Huggies,913.17,998.0,Diapers,3.3,"Your baby spends a good part of their day in a diaper. Therefore, choosing the right diaper for their tender and delicate skin is extremely important. And this is where, we introduce our next-generation product, India’s 1st diaper pants with the unique Bubble-Bed technology. There are 3 areas where a diaper surrounds the baby’s skin – the baby’s bottom, the baby’s waist, and the baby’s thigh. The skin of the baby in all these areas is extremely delicate and sensitive. The 3-D Bubble-BedTM in the inside layer of the diaper is super fluffy and provides cotton-like softness to the baby’s skin."
6885,"Reusable Fabric Diaper - XL, Pink",Baby Care,Diapers & Wipes,Paw Paw,319.0,319.0,Diapers,2.8,"India's no.1 reusable diaper, Paw Paw Fabric Diaper is highly absorbant, less susceptible to skin rashes & skin allergies, unlike disposable diapers. The reusable diaper is an eco-friendly diapering option that helps to reduce disposable waste in our landfills. It has a reusable printed outer shell and super-absorbent reusable insert pad. It is very gentle for your little one's skin."
6960,"Wonder Diaper Pants - Large, 9-14 Kg",Baby Care,Diapers & Wipes,Huggies,1548.36,2298.0,Diapers,4.0,"Huggies knows that nothing is more important than the comfort and well-being of your little baby. Choosing the best diaper for your baby is an important step in ensuring the comfort of your little one during the day as well as overnight. That is why we have lovingly designed Huggies Wonder Pants for the all-round comfort of your little one. These diaper pants keep your baby comfortable in the day and help them sleep peacefully at night without any wetness irritating their skin. Their cottony-soft material is gentle on their bum keeping their precious skin perfect. And their revolutionary Dry Touch Sheet pulls the wetness away from the skin of your baby keeping it dry and hygienic for up to 12 hours. If you are looking for safe and gentle care for your little one, stock up your diaper bags and changing tables with Huggies Wonder Pants."
7047,Bella Baby Happy Tissues - Mini,Baby Care,Diapers & Wipes,Bella,88.0,88.0,Baby Wipes,4.5,Bella No1 is the European brand of premium quality tissue and paper products manufactured according to the highest standards to ensure the best quality and unusual softness.
7248,Premium Care X-Large Diapers - Super Value Pack,Baby Care,Diapers & Wipes,Pampers ,2375.28,3299.0,Diapers,3.2,"New Pampers Premium Pants with cotton-like soft materials is best for your baby’s delicate skin. Pampers Premium Pants contain lotion with Aloe Vera and 3 Air Channels which helps your baby’s skin breathe. Experience 5 Star comfort with unique added features like Wetness Indicator which turns Yellow to Blue indication when you may change and Disposal Tape which helps you in easy disposal of the diaper. Pampers is the No. 1 choice of Doctors for diapers. Pampers Premium Pants are available in New-born (NB), S, M, L, XL and XXL sizes."
7251,"Premium Soft Diaper Pants - Extra Large, Monthly Pack",Baby Care,Diapers & Wipes,Huggies,2183.09,2399.0,Diapers,,"Our softest for your softest. Introducing the premium soft pants with the breakthrough silky cocoon design from Huggies. Huggies premium soft pants diapers with silly cocoon silken outer cover - provides luxurious, silky softness and a wetness indicator."
7276,Diaper Pants Super Value Box - Medium,Baby Care,Diapers & Wipes,Pampers ,2087.28,2899.0,Diapers,4.2,"Pampers baby-dry pants style diapers are the only pants in India with new Air Channels providing your baby with a new type of dryness overnight; breathable dryness. Magic Gel that locks wetness away for up to 12 hours of dryness. The new and improved product design enables a comfortable fit, closer to the baby’s body. Flexible waistband that adapts to baby’s movements for a comfortable fit. Baby lotion with Aloe Vera helps protect your baby’s delicate skin from diaper rash and irritation. A top layer with cotton-like soft material, for a comfortable night’s sleep. Fun exterior graphics; fun designs and characters to enjoy with your baby."
7506,Premium Soft Diaper Pants - Medium Size,Baby Care,Diapers & Wipes,Huggies,2160.36,2398.0,Diapers,4.0,"Our softest for your softest. Introducing the Premium Soft Pants with the breakthrough Silky Cocoon design from Huggies. Its Cushion Waistband ensures a gentle, comfortable fit that helps prevent red marks and Silken Outer Cover Provides luxurious, silky softness. Your baby spends a good part of their day in a diaper. Therefore, choosing the right diaper for their tender and delicate skin is extremely important. And this is where, Huggies introduce the next generation product, India’s 1st diaper pants with the unique Bubble-Bed technology. This is so soft & fluffy that it feels like a bed against your baby’s bottom, keeping it extremely comfortable. Moreover, it absorbs the wetness and spreads it out evenly, keeping your little one's bottom dry."
7528,"Adult Diapers - Super Breathable, Medium",Baby Care,Diapers & Wipes,Seni,750.0,750.0,Diapers,,"Seni is the European brand of superior quality absorbent products and skincare solutions that won the trust of millions of incontinent patients as well as caregivers worldwide. Profound knowledge and a wealth of experience ensure maximum comfort of use and specialist protection against skin disorders such as bedsores. The essential feature of Seni products is Air breathability. Free air circulation significantly lowers the risk of chafes, skin irritations and bedsores prone to develop especially in bedridden patients. Breathable products are absolutely necessary to ensure proper air ventilation, avoid certain skin disorders and keep the skin in good condition. 

Imported from Europe.
Breathable all-in-one diapers Super Seni Plus with increased absorbency are recommended especially for the day - time for bedridden patients with moderate, heavy and very heavy incontinence.
The essential feature of Seni products is Air breathability. Free air circulation significantly lowers the risk of chafes, skin irritations and bedsores prone to develop especially in bedridden patients. Breathable products are absolutely necessary to ensure proper air ventilation, avoid certain skin disorders and keep the skin in good condition."
7876,Diaper Pants - X-Large,Baby Care,Diapers & Wipes,Pampers ,552.21,699.0,Diapers,4.4,"Pampers baby diaper pants are the only pants in India with new air channels providing your baby with a new type of dryness overnight; breathable dryness. Magic Gel that locks the wetness away for up to 12 hours of dryness. The new and improved product design enables a comfortable fit, closer to the baby's body. A flexible waistband that adapts to the baby's movements for a comfortable fit. Baby lotion with aloe vera helps protect your baby's delicate skin from diaper rash and irritation. A top layer with the cotton-like soft material, for a comfortable nights sleep. Fun exterior graphics; fun designs and characters to enjoy with your baby."
8214,Standard Xtra Large - 26 Diaper Pants,Baby Care,Diapers & Wipes,Mamypoko,399.0,399.0,Diapers,4.1,"MamyPoko Pants is a pant style diaper that can be used most comfortably for the baby at night. These easy to pull up pants gives 10 hrs leakage protection, therefore, your baby can sleep soundly all night and wake up with a big smile in the morning."
8406,Diaper Pants Super Value Box - Extra Large,Baby Care,Diapers & Wipes,Pampers ,1943.28,2699.0,Diapers,4.0,"Pampers baby-dry pants style diapers are the only pants in India with new Air Channels providing your baby with a new type of dryness overnight; breathable dryness. Magic Gel that locks wetness away for up to 12 hours of dryness. The new and improved product design enables a comfortable fit, closer to the baby’s body. Flexible waistband that adapts to baby’s movements for a comfortable fit. Baby lotion with Aloe Vera helps protect your baby’s delicate skin from diaper rash and irritation. A top layer with cotton-like soft material, for a comfortable night’s sleep. Fun exterior graphics; fun designs and characters to enjoy with your baby."
8658,Baby Happy Two-Layer Universal Tissues,Baby Care,Diapers & Wipes,Bella,417.0,417.0,Baby Wipes,,Bella No1 is the European brand of premium quality tissue and paper products manufactured according to the highest standards to ensure the best quality and unusual softness.
8677,"Total Care Baby Pants - Medium, 9S",Baby Care,Diapers & Wipes,Himalaya,130.0,130.0,Diapers,5.0,"Powered by a natural anti-rash shield, Indian Aloe and Yashad Bhasma (Zinc Oxide, that prevents the risk of diaper rash), it is soft and has an easy-to-fit design. It offers care and comfort to your baby; silky soft inner layer for soft & sensitive skin.Breathable fabric ensures proper air circulation and leakproof soft elastic edges prevent leakage. Super Absorbent Polymer (SAP) layer rapidly absorbs multiple wettings and provides maximum protection from dampness. Wetness indicator turns green to show when baby wets the diaper keeps skin dry so that baby gets an undisturbed and restful sleep."
8751,Extra Absorb Monthly Box Large - 96 Diaper Pants,Baby Care,Diapers & Wipes,Mamypoko,975.0,1499.0,Diapers,4.3,"MamyPoko Pants Extra Absorb diapers with crisscross absorbent sheet absorbs 7 glasses of urine and spreads it equally, so there is no fear of heaviness. Its stretchable thigh support prevents gaps between diaper and baby's thigh, hence prevents leakage."
8877,Premium Care New Baby - 24 Diapers,Baby Care,Diapers & Wipes,Pampers ,275.0,299.0,Diapers,3.9,"These premium care pants are cotton-like soft and have revolutionary S curve which protects your baby's delicate skin from rash and redness. Compared to ordinary Pants, these Pants have unique features like all-around softness, breathable materials for best skin comfort, wetness indicator to tell you when to change, disposal tape for easy disposal and magic gel which keeps your baby dry for up to 12 hours."
8992,Splashers Large - 11 Disposable Swim Diaper Pants,Baby Care,Diapers & Wipes,Pampers ,999.0,999.0,Diapers,3.0,"Your baby is free to make a splash in Pampers Splashers disposable swim diapers! Pampers Splashers don't swell in water like regular diapers, giving your baby a comfortable fit when wet or dry. For secure protection in the water, Splashers Dual-Leak Guard Barriers fit snugly around your baby's legs to help contain messes, making them perfect for the pool, beach, splash park, and more. Only Pampers Splashers are designed with a 360 Degree, all-around stretchy waistband that fits like swimwear and easily pulls on and off even when wet. Plus, Splashers are equipped with Easy-Tear Sides for quick disposal with less mess, and our adorable, swim-inspired, all-over graphics look like real swimwear. Pampers Splashers make a day at the pool even more fun."
9013,Baby Dry Medium (6-11 kg) - 66 Diapers,Baby Care,Diapers & Wipes,Pampers ,828.71,1049.0,Diapers,4.0,"Let your baby's skin breathe easy with the airy, soft comfort offered by the Pampers diapers. These tape-styles Pamper diapers are easy to put on your baby and change, which comes as a great help to mothers. These comfort fitting diapers with stretchable sides are best for your baby's rest and playtime Offering complete care and protection, these baby diaper will help keep your baby smiling and comfortable at all times. With Magic gel layer, these baby diaper offers overnight dryness and protects your baby's delicate skin from the rash."
9084,"New Diapers Pants, Large",Baby Care,Diapers & Wipes,Pampers ,195.02,199.0,Diapers,3.8,"Pampers dry, pants style diapers are the only pants in India with new air channels that provide your baby with breathable dryness overnight. It contains a magic gel that locks wetness away for up to 12 hours and the new and improved design enables a comfortable fit, closer to the baby's body. The diaper pants have a flexible waistband that adapts to the baby's movements for a comfortable fit, while the baby lotion with aloe vera helps protect your baby's delicate skin from diaper rash and irritation. The diaper pants top layer is made of a cotton-like soft material, for a comfortable night sleep, while the exterior has fun graphics, designs and characters on it."
9106,Wonder Pants - Extra Small Size,Baby Care,Diapers & Wipes,Huggies,1051.34,1149.0,Diapers,4.6,"Your baby spends a good part of their day in a diaper. Therefore, choosing the right diaper for their tender and delicate skin is extremely important. And this is where, we introduce our next-generation product, India’s 1st diaper pants with the unique Bubble-Bed technology. There are 3 areas where a diaper surrounds the baby’s skin – the baby’s bottom, the baby’s waist, and the baby’s thigh. The skin of the baby in all these areas is extremely delicate and sensitive. The 3-D Bubble-BedTM in the inside layer of the diaper is super fluffy and provides cotton-like softness to the baby’s skin."
9159,Nature Care Diaper Pants - Small Size,Baby Care,Diapers & Wipes,Huggies,1091.09,1199.0,Diapers,,"Nature's gentle protection for your baby's delicate skin. Presenting the new Huggies Nature Care Diaper Pants. Made with organic cotton and a pH balanced liner, it's the ideal pant-style diaper for your little one's delicate skin. With no added parabens, latex & chlorine it gently protects your baby's skin. It's more than a diaper pant, it's a hug from Nature. Made with organic cotton and a pH balanced liner with no added parabens, latex & chlorine with the wetness indicator."
9224,Baby Happy Xtra Small - 24 Diapers,Baby Care,Diapers & Wipes,Bella,313.0,319.0,Diapers,3.9,"Bella Baby Happy is the European brand of premium Baby diapers, IMPORTED FROM EUROPE. The unique construction of Extra Small Happy Diapers with a special umbilical cord cutting is designed for newborn babies. Free airflow facilitates healing and minimises the risk of irritation in the sensitive Baby's navel area. Happy diapers are featured with cutting - edge DIAPER RASH FREE SYSTEM - a complex of unique features that keep your Baby's skin healthy. Happy diapers prevent the appearance of rashes irritations, allergies and reddening. AIR CIRCULATION - special outer cover allows full air circulation that keeps the right temperature inside a diaper, lets the vapour go through and keeps your Baby's skin dry, fresh and healthy. GREEN TEA EXTRACT - green tea extract has antibacterial & anti-inflammatory properties and it neutralizes the unpleasant smell. SKIN FRIENDLY TECHNOLOGY - latex and chlorine-free components minimise the risk of rashes and allergic reactions. MAGIC GEL - magic pearls transform the liquid into gel and isolate wetness from Baby's bottom. Fast absorption effectively protects against leakages and ensures maximum dryness. Gentle gathers on both sides of a diaper hold the moisture inside and prevent leakages. Elastic tapes guarantee freedom of movement with no pressure on Baby's delicate skin. Symmetrical pictures in front of a diaper enable proper fastening. Wetness indicator informs when a diaper should be changed"
9373,Active Baby Small (3-8 kg) - 46 Diapers,Baby Care,Diapers & Wipes,Pampers ,759.5,775.0,Diapers,4.6,"5 Star Skin Protection- The Best tape style diapers from Pampers, with an outer layer of cotton-like softness, this baby diaper provides intense care to your baby's sensitive skin and protects it effectively from friction rash and redness. These soft and comfort fitting diapers with stretchable sides are best for your baby's rest and playtime. The diapers fastening tape sticks multiple times thus ensuring it stays in place even after you fasten it after checking your baby's diaper. Protection and nourishment of your baby's skin are taken care of with extracts of moisturising Aloe Vera lotion, characteristic of these best baby diapers. These diapers are ultra-thin, thanks to the absorbent gel material (AGM), commonly known as Magic Gel. This magic gel core of Pampers diapers is highly effective in absorbing frequent wetness. Naturally, your baby's skin remains dry for upto12 hours, now no more frequent diaper changing or blow leaks for your little angel."
9761,Dry Pants Diapers - Small,Baby Care,Diapers & Wipes,Huggies,252.0,349.0,Diapers,4.5,"Your baby spends a good part of their day in a diaper. Therefore, choosing the right diaper for their tender and delicate skin is extremely important. And this is where, we introduce our next-generation product, India’s 1st diaper pants with the unique Bubble-Bed technology. There are 3 areas where a diaper surrounds the baby’s skin, the baby’s bottom, the baby’s waist, and the baby’s thigh. The skin of the baby in all these areas is extremely delicate and sensitive. The next generation Bubble wala Huggies has 3 unique features which provide our best care & comfort in all these 3 areas.This next-generation diaper pant is lined with the super-soft 3-D Bubble-Bed in the inside layer of the diaper. This is so soft & fluffy that it feels like a bed against your baby’s bottom, keeping it extremely comfortable. Moreover, it absorbs the wetness and spreads it out evenly, keeping your little one's bottom dry."
9811,Premium Care Xtra Large - 14 Diaper Pants,Baby Care,Diapers & Wipes,Pampers ,391.02,399.0,Diapers,4.5,"New Pampers Premium Pants with cotton like soft material is best for your babys delicate skin. Pampers Premium Pants contain lotion with Aloe Vera and 3 Air Channels which helps your babys skin to breathe. Experience 5-star comfort with unique added features like Wetness Indicator which turns yellow to blue in colour indicating when you may change and a Disposal Tape helps you in easy disposal of the diaper. Pampers is the No. 1 choice of doctors for diapers. Pampers Premium Pants are available in various sizes, namely, New Born (NB), S, M, L, XL and XXL sizes."
9820,"Pants - Extra Absorb Diaper For New Born, NB - 1 Size",Baby Care,Diapers & Wipes,Mamypoko,299.0,299.0,Diapers,4.6,These pant style diapers can be worn easily by just pulling up and its soft elastic is gentle on your newborn baby's sensitive skin. It has a special cut in the front so that diaper does not cover the umbilical cord of your newborn so it stays protected.This diaper pant is suitable for newborn babies of up to 5 kg.
9928,"Pants Extra Absorb Diaper For New Born - Up to 5 Kg, NB-1",Baby Care,Diapers & Wipes,Mamypoko,700.0,999.0,Diapers,4.2,"MamyPoko Pants Extra Absorb with a crisscross absorbent sheet which absorbs 7 glasses of urine and spreads it equally, so there's no fear of heaviness. Its stretchable thigh support prevents gaps between diaper and baby's thigh, hence prevents leakage. Diaper does not get heavy because urine does not get collected at one place because of its crisscross absorbent sheet. Its breathable cotton-like cover prevents stuffiness even when used for long hours. It comes with Cute Poko Chan Designs. It is easy to wear."
9957,Baby Happy Wet Wipes - Milk & Honey,Baby Care,Diapers & Wipes,Bella,189.0,189.0,Baby Wipes,5.0,"Bella Baby Happy is the European brand of premium Baby products. Bella Baby Happy Wet Wipes with Milk and Honey Extract that moisturise the skin and soothe redness. Neutral pH leaves natural protective skin barrier intact. Recommended for babies and children daily hygiene. Enriched with natural milk proteins that thoroughly clean and moisturise delicate babys skin. Enriched with honey extract that soothes redness and prevents from skin irritations. Bella Baby Happy wet wipes have a neutral 5.5 pH, so the natural protective barrier of the skin remains intact. Can be used on the babys or childs whole body. Do not contain soap, Parabens - free, Alcohol - free. Ensure delicate and effective cleansing. IMPORTED FROM EUROPE."
9977,"Premium Soft Diaper Pants - Small, Monthly Pack",Baby Care,Diapers & Wipes,Huggies,2183.09,2399.0,Diapers,,"Our softest for your softest. Introducing the Premium Soft Pants with the breakthrough Silky Cocoon design from Huggies. Its Cushion Waistband ensures a gentle, comfortable fit that helps prevent red marks and Silken Outer Cover Provides luxurious, silky softness. Your baby spends a good part of their day in a diaper. Therefore, choosing the right diaper for their tender and delicate skin is extremely important. And this is where, Huggies introduce the next generation product, India’s 1st diaper pants with the unique Bubble-Bed technology. This is so soft & fluffy that it feels like a bed against your baby’s bottom, keeping it extremely comfortable. Moreover, it absorbs the wetness and spreads it out evenly, keeping your little one's bottom dry."
10069,Premium Soft Diaper Pants - Small Size,Baby Care,Diapers & Wipes,Huggies,2017.92,2398.0,Diapers,3.4,"Our softest for your softest. Introducing the Premium Soft Pants with the breakthrough Silky Cocoon design from Huggies. Its Cushion Waistband ensures a gentle, comfortable fit that helps prevent red marks and Silken Outer Cover Provides luxurious, silky softness. Your baby spends a good part of their day in a diaper. Therefore, choosing the right diaper for their tender and delicate skin is extremely important. And this is where, Huggies introduce the next generation product, India’s 1st diaper pants with the unique Bubble-Bed technology. This is so soft & fluffy that it feels like a bed against your baby’s bottom, keeping it extremely comfortable. Moreover, it absorbs the wetness and spreads it out evenly, keeping your little one's bottom dry."
10292,Wipeout Baby Safety Wipes,Baby Care,Diapers & Wipes,MyGlamm,299.0,299.0,Baby Wipes,,"A myglammCARES initiative, our WIPEOUT Baby Wipes are a mean, clean, germ-killing machine. Infused with aloe vera extract, chamomile extract and vitamin E, these baby wipes are ideal for sanitizing, cleansing and moisturizing your baby's skin. Dermatologically tested and pH balanced, these wipes are gentle and safe to use on your little oneâ€™s delicate skin while killing 99% germs."
10304,Premium Care New Baby Xtra Small - 50 Diapers,Baby Care,Diapers & Wipes,Pampers ,591.71,749.0,Diapers,4.1,"New Pampers Premium Pants with cotton-like soft materials is best for the delicate skin of the baby. Pampers Premium Pants contain lotion with Aloe Vera and 3 Air Channels which helps the skin breathe. Experience 5 Star comfort with unique added features like Wetness Indicator which turns Yellow to Blue indication when you may change and Disposal Tape which helps you in the easy disposal of the diaper. Pampers is the No. 1 choice of diapers as rated by Doctors. Pampers Premium Pants are available in New-born (NB), S, M, L, XL and XXL sizes"
10369,Dry Pants Diapers - Large,Baby Care,Diapers & Wipes,Huggies,182.09,199.0,Diapers,4.1,"Your baby spends a good part of their day in a diaper. Therefore, choosing the right diaper for their tender and delicate skin is extremely important. And this is where, we introduce our next-generation product, India’s 1st diaper pants with the unique Bubble-Bed technology. There are 3 areas where a diaper surrounds the baby’s skin, the baby’s bottom, the baby’s waist, and the baby’s thigh. The skin of the baby in all these areas is extremely delicate and sensitive. The next generation Bubble wala Huggies has 3 unique features which provide our best care & comfort in all these 3 areas.This next-generation diaper pant is lined with the super-soft 3-D Bubble-Bed in the inside layer of the diaper. This is so soft & fluffy that it feels like a bed against your baby’s bottom, keeping it extremely comfortable. Moreover, it absorbs the wetness and spreads it out evenly, keeping your little one's bottom dry."
10384,"Reusable Fabric Diaper - Small, Blue",Baby Care,Diapers & Wipes,Paw Paw,269.0,269.0,Diapers,2.0,"India's no.1 reusable diaper, Paw Paw Fabric Diaper is highly absorbant, less susceptible to skin rashes & skin allergies, unlike disposable diapers. The reusable diaper is an eco-friendly diapering option that helps to reduce disposable waste in our landfills. It has a reusable printed outer shell and super-absorbent reusable insert pad. It is very gentle for your little one's skin."
10495,Pants Extra Absorb Diaper - Large Size,Baby Care,Diapers & Wipes,Mamypoko,1339.0,1998.0,Diapers,4.3,"MamyPoko Pants Extra Absorb with a crisscross absorbent sheet which absorbs 7 glasses of urine and spreads it equally, so there's no fear of heaviness. Its stretchable thigh support prevents gaps between diaper and baby's thigh, hence prevents leakage."
10511,Premium Soft Diaper Pants - Medium Size,Baby Care,Diapers & Wipes,Huggies,718.92,798.0,Diapers,5.0,"Our softest for your softest. Introducing the Premium Soft Pants with the breakthrough Silky Cocoon design from Huggies. Its Cushion Waistband ensures a gentle, comfortable fit that helps prevent red marks and Silken Outer Cover Provides luxurious, silky softness. Your baby spends a good part of their day in a diaper. Therefore, choosing the right diaper for their tender and delicate skin is extremely important. And this is where, Huggies introduce the next generation product, India’s 1st diaper pants with the unique Bubble-Bed technology. This is so soft & fluffy that it feels like a bed against your baby’s bottom, keeping it extremely comfortable. Moreover, it absorbs the wetness and spreads it out evenly, keeping your little one's bottom dry."
10515,Premium Baby Medium - 40 Diaper Pants,Baby Care,Diapers & Wipes,Teddyy,499.0,499.0,Diapers,,"Teddyy Diaper Pants - Premium, offers a world-class Pants diaper for your baby's comfort and freedom. Customised for the Indian weather, designed for the Indian body-type and made in India, Teddyy Diaper Pants Premium are extremely soft and breathable. Using SAP (Super Absorbent Powder) which converts a liquid into gel, Teddyys offer a superior performance along with a unique embossed design which increases absorbency and a soft, cottony waistband for added comfort 100% freedom, for you and your baby."
10528,Baby Dry Large (9-14 kg) - 60 Diapers,Baby Care,Diapers & Wipes,Pampers ,828.71,1049.0,Diapers,3.9,"Let your baby's skin breathe easy with the airy, soft comfort offered by the Pampers diapers. These tape styles Pamper diapers are easy to put on your baby and change, which comes as a great help to mothers. These comfort fitting diapers with stretchable sides are best for your baby's rest and playtime Offering complete care and protection, these baby diaper will help keep your baby smiling and comfortable at all times.With Magic gel layer, these baby diaper offers overnight dryness and protects your baby's delicate skin from the rash."
10799,Baby Happy Medium - 38 Diapers,Baby Care,Diapers & Wipes,Bella,610.0,629.0,Diapers,4.3,"Bella Baby Happy is the European brand of premium Baby diapers, IMPORTED FROM EUROPE. Happy diapers are featured with cutting - edge DIAPER RASH FREE SYSTEM - a complex of unique features that keep your Baby's skin healthy. Happy diapers prevent the appearance of rashes irritations, allergies and reddening. AIR CIRCULATION - special outer cover allows full air circulation that keeps the right temperature inside a diaper, lets the vapour go through and keeps your Baby's skin dry, fresh and healthy. GREEN TEA EXTRACT - green tea extract has antibacterial & anti-inflammatory properties and it neutralizes the unpleasant smell. SKIN FRIENDLY TECHNOLOGY - latex and chlorine-free components minimise the risk of rashes and allergic reactions. MAGIC GEL - magic pearls transform the liquid into gel and isolate wetness from Baby's bottom. Fast absorption effectively protects against leakages and ensures maximum dryness. Gentle gathers on both sides of a diaper hold the moisture inside and prevent leakages. Elastic tapes guarantee freedom of movement with no pressure on Baby's delicate skin. Symmetrical pictures in front of a diaper enable proper fastening."
11107,"Wonder Diaper Pants - Small, 4-8 Kg",Baby Care,Diapers & Wipes,Huggies,1603.8,2198.0,Diapers,3.8,"Huggies knows that nothing is more important than the comfort and well-being of your little baby. Choosing the best diaper for your baby is an important step in ensuring the comfort of your little one during the day as well as overnight. That is why we have lovingly designed Huggies Wonder Pants for the all-round comfort of your little one. These diaper pants keep your baby comfortable in the day and help them sleep peacefully at night without any wetness irritating their skin. Their cottony-soft material is gentle on their bum keeping their precious skin perfect. And their revolutionary dry touch sheet pulls the wetness away from the skin of your baby keeping it dry and hygienic for up to 12 hours. If you are looking for safe and gentle care for your little one, stock up your diaper bags and changing tables with Huggies Wonder Pants."
11159,Small - 28 Diapers,Baby Care,Diapers & Wipes,Himalaya Baby,350.0,350.0,Diapers,4.1,"Himalaya Baby Diapers, with its unique, soft and easy-to-fit design, is specially formulated to provide the greatest comfort and care to your baby, Himalaya Baby Diaper is enriched with a blend of natural ingredients, Aloe Vera and Yashada Bhasma, which form a protective anti-rash shield that reduces the activity of harmful enzymes, inhibits the growth of microbes, and prevents diaper rash.The Diaper has a unique Super Absorbent Polymer (SAP) layer that absorbs multiple wettings and ensures maximum protection from dampness so that your baby gets an undisturbed and restful sleep."
11191,Premium Care Xtra Large - 24 Diaper Pants,Baby Care,Diapers & Wipes,Pampers ,591.71,749.0,Diapers,4.2,"New Pampers Premium Pants with cotton-like soft material is best for your baby's delicate skin. Pampers Premium Pants contain lotion with Aloe Vera and 3 Air Channels which helps your baby's skin to breathe. Experience 5-star comfort with unique added features like Wetness Indicator which turns yellow to blue in colour indicating when you may change and a Disposal Tape helps you in easy disposal of the diaper. Pampers is the No. 1 choice of doctors for diapers. Pampers Premium Pants are available in various sizes, namely, New Born (NB), S, M, L, XL and XXL sizes."
11217,Wonder Pants Diapers - Small Size,Baby Care,Diapers & Wipes,Huggies,407.63,450.0,Diapers,1.0,"Your baby spends a good part of their day in a diaper. Therefore, choosing the right diaper for their tender and delicate skin is extremely important. And this is where, we introduce our next-generation product, India's 1st diaper pants with the unique Bubble-Bed technology. There are 3 areas where a diaper surrounds the baby's skin-the baby's bottom, the baby's waist, and the baby's thigh. The skin of the baby in all these areas is extremely delicate and sensitiveHuggies Wonder Pants Diapers with 3D Bubble bed technology with a Cushiony Waistband."
11398,Premium Baby Wet Wipes With Aloe Vera - Paraben Free,Baby Care,Diapers & Wipes,Bodyguard,200.0,250.0,Baby Wipes,3.9,"BodyGuard Premium Baby Wet Wipes are specially made for the baby's delicate skin, enriched with aloe vera extracts to give a soft and moisturised feel. The wipes contain special conditioners and emollients to nourish the skin and are ideal for cleansing while changing the diaper. These wipes are probably the safest wipes for your kid, as it contains 98% demineralised water."
11458,Skin Care Wipes,Baby Care,Diapers & Wipes,Johnson's baby,75.0,75.0,Baby Wipes,4.4,"Johnson's baby wipes with lid protects newborn delicate skin from redness and rashes. These wipes have sponge-like fibres with 3x moisturizing lotion for soft and gentle care for a newborn. Alcohol-free, soap-free. Every Johnson’s product passes a 5 level safety assurance process. No harmful chemicals. Only 100% gentle care. Fliptop on the pack helps keep moisture locked in for longer use. It is clinically mildness proven. A baby's delicate skin requires the gentlest touch. And after a mother, the only thing that can provide such care and love is Johnsons. So, when it comes to caring for your little bundle of joy. Buy Johnson & Johnson Baby Skincare Wipes online now."
11772,Total Care Small - 54 Diaper Pants,Baby Care,Diapers & Wipes,Himalaya Baby,620.0,700.0,Diapers,3.5,"Your baby requires the utmost care. Himalaya Total Care Baby Pants is a one-step diaper solution specially designed for comfort, protection and total care of baby's skin. Himalaya Total Care Baby Pants comes in an easy to wear pant style design that offers a soft and comfortable fit & are easy to pull on and off. Enriched with the goodness of Aloe vera and Yashada bhasma, Himalaya Total Care Baby Pants offers a protective anti-rash shield that reduces the activity of harmful enzymes and prevents diaper rash."
11907,Smart Baby Diaper Pants - XL,Baby Care,Diapers & Wipes,Bebe,1049.0,1049.0,Diapers,,Bebe baby-dry pants style diapers providing your baby with the comfort of dryness overnight. It comes with a magic gel that locks wetness away for up to 12 hours of dryness. The new & improved product design enables a comfortable fit and comes equipped with a flexible waistband that adapts to baby's movements for a comfortable fit. It helps protect your baby's delicate skin from diaper rash and irritation. It also comes equipped with a top layer with cotton-like soft material for a comfortable nights sleep.
12204,Premium Care Large Diapers - Super Value Pack,Baby Care,Diapers & Wipes,Pampers ,2375.28,3299.0,Diapers,5.0,"New Pampers Premium Pants with cotton-like soft materials is best for your baby’s delicate skin. Pampers Premium Pants contain lotion with Aloe Vera and 3 Air Channels which helps your baby’s skin breathe. Experience 5 Star comfort with unique added features like Wetness Indicator which turns Yellow to Blue indication when you may change and Disposal Tape which helps you in easy disposal of the diaper.Pampers is the no. 1 choice of Doctors for diapers. Pampers Premium Pants are available in New-born (NB), S, M, L, XL and XXL sizes."
12237,New Dry Diapers - Medium Size,Baby Care,Diapers & Wipes,Huggies,1445.7,1580.0,Diapers,4.7,One of the most important baby care products that you buy for your baby is diapers. A good quality diaper can help keep your baby comfortable during play as well as sleep time. Choose Huggies New Dry Diapers – these diapers are highly absorbent and help in keeping your baby’s skin dry & fresh. These diapers are suitable for your baby’s skin to ensure uninterrupted play and nap time. Huggies New Dry is available in different sizes from Small to Large to suit your baby.
12288,Sanitary Disposal Bag,Baby Care,Diapers & Wipes,Sirona,126.0,150.0,Diapers,3.5,"Now bigger & better! Worried about disposing of your sanitary & intimate products? Made in india, 'i love clean' by sirona are cute oxo biodegradable disposable sanitary bags & are best for hygienic disposal of intimate care products (sanitary pads, tampons, panty liners, baby diapers, condoms, peebuddy) or general products (which need discreet disposal). No more black plastic bags, no more newspaper. Now use i love clean."
12367,"Nature Care Diaper Pants - Small, Monthly Pack",Baby Care,Diapers & Wipes,Huggies,2039.15,2399.0,Diapers,,"Nature's gentle protection for your baby's delicate skin. Presenting the new Huggies Nature Care Diaper Pants. Made with organic cotton and a pH balanced liner, it's the ideal pant-style diaper for your little one's delicate skin. With no added parabens, latex & chlorine it gently protects your baby's skin. It's more than a diaper pant, it's a hug from Nature. Made with organic cotton and a pH balanced liner with no added parabens, latex & chlorine with the wetness indicator."
12459,Baby Premium Diaper - Small,Baby Care,Diapers & Wipes,Mee Mee,475.2,594.0,Diapers,4.8,"Made from Cloth-like Breathable Fabric.
Eco-friendly.The 
Leak-lock system turns liquids into a gel.
SAP (Superabsorbent Polymers) absorbs multiple wettings.
Leak-proof technology."
12624,"Wonder Pants - Medium, Combo",Baby Care,Diapers & Wipes,Huggies,1279.17,1398.0,Diapers,,"Your baby spends a good part of their day in a diaper. Therefore, choosing the right diaper for their tender and delicate skin is extremely important. And this is where, we introduce our next-generation product, India's 1st diaper pants with the unique Bubble-Bed technology. There are 3 areas where a diaper surrounds the baby's skin-the baby's bottom, the baby's waist, and the baby's thigh. The skin of the baby in all these areas is extremely delicate and sensitiveHuggies Wonder Pants Diapers with 3D Bubble bed technology with a Cushiony Waistband."
12633,Premium Care Xtra Large Monthly Box Pack - 72 Diaper Pants,Baby Care,Diapers & Wipes,Pampers ,1583.28,2199.0,Diapers,4.5,"New Pampers Premium Pants with cotton-like soft materials is best for your babys delicate skin. Pampers Premium Pants contain lotion with Aloe Vera and 3 Air Channels which helps your babys skin breathe. Experience 5 Star comfort with unique added features like Wetness Indicator which turns Yellow to Blue indication when you may change and Disposal Tape which helps you in the easy disposal of the diaper. Pampers is the No. 1 choice of Doctors for diapers. Pampers Premium Pants are available in New-born (NB), S, M, L, XL and XXL sizes."
12669,Kare in Adult Diapers Pants Medium,Baby Care,Diapers & Wipes,Kare In,399.0,520.0,Diapers,4.2,
12749,Soft Baby Wipes - With Green Tea Essence,Baby Care,Diapers & Wipes,Mamypoko,320.0,320.0,Baby Wipes,3.5,"MamyPoko Soft baby wipes come with antibacterial properties and pleasant fragrance. It can be used to clean the baby at the time of diaper change, wiping their face, mouth, hands etc. Its antibacterial quality allows it to catches dust effectively and leaves the skin clean, Soft baby wipes are made of purified water that is gentle on baby's delicate skin, its pleasant fragrance gives both mother and baby a sense of freshness and cleanliness, its alcohol free which makes it mild enough to be used on newborn."
12751,"Pants - Extra Absorb Diaper, Small Size",Baby Care,Diapers & Wipes,Mamypoko,195.0,195.0,Diapers,4.1,"MamyPoko Pants Extra Absorb is a Pant Style diaper that can be used most comfortably for the baby at night because of the powerful slim core that can absorb up to 12 hours, it prevents leakage till morning. Therefore, your baby can sleep soundly all night and wake up with a big smile in the morning."
12759,"Baby Dry Pants - Medium, 7-12 Kg, Lotion With Aloe Vera",Baby Care,Diapers & Wipes,Pampers ,195.02,199.0,Diapers,4.3,"Pampers all-round protection pants are the only Anti-Rash Diaper pants in India. Newborn baby diapers containing Lotion with Aloe vera helps protect your baby’s delicate skin from diaper rash and irritation. Best diapers with Ultra Absorb Core provides your baby with a new type of dryness overnight - breathable dryness. Magic gel locks wetness away to provide up to 12 hours of dryness. The new and improved product design enables a comfortable fit, closer to the baby’s body and a flexible waistband that adapts to baby’s movements for a comfortable fit. Available in all sizes – Small diapers, medium diaper pants, large size diaper pants, XL diapers, XXL diapers, XXXL diaper pants. A top layer with cotton-like soft material ensures a comfortable night’s sleep. Our pants with fun exterior graphics, fun designs and characters ensure you enjoy with your baby."
13089,New Medium - 2 Diaper Pants,Baby Care,Diapers & Wipes,Pampers ,24.0,24.0,Diapers,4.4,"Pampers baby-dry pants style diapers are the only pants in India with new air channels providing your baby with the comfort of dryness overnight. It comes with a magic gel that locks wetness away for up to 12 hours of dryness. The new and improved product design enables a comfortable fit and comes equipped with a flexible waistband that adapts to baby's movements for a comfortable fit. Baby lotion with Aloe Vera helps protect your baby's delicate skin from diaper rash and irritation. It also comes equipped with a top layer with cotton-like soft material for a comfortable nights sleep. It also comes with a wide variety of fun exterior graphics, designs and characters for your baby to enjoy."
13189,Medium- 152 Diaper Pants,Baby Care,Diapers & Wipes,Pampers ,1583.28,2199.0,Diapers,4.2,"New Pampers Baby Dry Pants style diapers have 3 revolutionary Extra Absorb Channels, that help distribute wetness evenly throughout the pants diapers, so wetness does not collect in one place. Their Magic Gel Layer locks wetness inside and offers up to 12 hours of dryness to help your baby sleep soundly all night."
13320,Wipes - Gentle Baby,Baby Care,Diapers & Wipes,Himalaya Baby,183.0,184.0,Baby Wipes,4.4,Himalaya Indian Lotus Aloe Vera Gentle Baby Wipes are mild sufficient to sooth your baby's bottoms when changing a diaper. It can also be used to softly cleanse your baby's skin. The natural ingredients guarantee that baby remains bacteria-free during the day.
13331,New Dry Large - 2 Diapers Pants,Baby Care,Diapers & Wipes,Pampers ,28.0,28.0,Diapers,4.6,"Pampers dry, pants style diapers are the only pants in India with new air channels that provide your baby with breathable dryness overnight. It contains a magic gel that locks wetness away for up to 12 hours and the new and improved design enables a comfortable fit, closer to the baby's body. The diaper pants have a flexible waistband that adapts to the baby's movements for a comfortable fit, while the baby lotion with aloe vera helps protect your baby's delicate skin from diaper rash and irritation. The diaper pants top layer is made of a cotton-like soft material, for a comfortable night sleep, while the exterior has fun graphics, designs and characters on it."
13760,Smart Baby Diaper Pants - Small,Baby Care,Diapers & Wipes,Bebe,1049.0,1049.0,Diapers,,Bebe baby-dry pants style diapers providing your baby with the comfort of dryness overnight. It comes with a magic gel that locks wetness away for up to 12 hours of dryness. The new & improved product design enables a comfortable fit and comes equipped with a flexible waist band that adapts to babys movements for a comfortable fit. It helps protect your babys delicate skin from diaper rash and irritation. It also comes equipped with a top layer with cotton-like soft material for a comfortable nights sleep.
13766,Diaper Pants - Large,Baby Care,Diapers & Wipes,Pampers ,908.56,1198.0,Diapers,4.3,"Pampers dry, pants style diapers are the only pants in India with new air channels that provide your baby with breathable dryness overnight. It contains a magic gel that locks wetness away for up to 12 hours and the new and improved design enables a comfortable fit, closer to the baby's body. 
The diaper pants have a flexible waistband that adapts to the baby's movements for a comfortable fit, while the baby lotion with aloe vera helps protect your baby's delicate skin from diaper rash and irritation. The diaper pants top layer is made of a cotton-like soft material, for a comfortable night's sleep, while the exterior has fun graphics, designs, and characters on it."
13831,Premium Care New Baby Small - 21 Diapers,Baby Care,Diapers & Wipes,Pampers ,293.02,299.0,Diapers,4.7,"New Pampers Premium Pants with cotton-like soft materials is best for the delicate skin of the baby. Pampers Premium Pants contain lotion with Aloe Vera and 3 Air Channels which helps the skin breathe. Experience 5 Star comfort with unique added features like Wetness Indicator which turns Yellow to Blue indication when you may change and Disposal Tape which helps you in the easy disposal of the diaper. Pampers is the No. 1 choice of diapers as rated by Doctors. Pampers Premium Pants are available in New-born (NB), S, M, L, XL and XXL sizes."
14269,Premium Care Xtra Large - 36 Diaper Pants,Baby Care,Diapers & Wipes,Pampers ,781.0,1099.0,Diapers,4.3,"New Pampers Premium Pants with cotton-like soft material is best for your babys delicate skin. Pampers Premium Pants contain lotion with Aloe Vera and 3 Air Channels which helps your babys skin to breathe. Experience 5-star comfort with unique added features like Wetness Indicator which turns yellow to blue in colour indicating when you may change and a Disposal Tape helps you in easy disposal of the diaper. Pampers is the No. 1 choice of doctors for diapers. Pampers Premium Pants are available in various sizes, namely, New Born (NB), S, M, L, XL and XXL sizes."
14277,Pants Standard Small - 46 Diaper,Baby Care,Diapers & Wipes,Mamypoko,328.0,399.0,Diapers,4.1,"MamyPoko Pants is a pant style diaper that can be used most comfortably for the baby at night. These easy to pull up pants gives 10 hrs leakage protection, therefore, your baby can sleep soundly all night and wake up with a big smile in the morning."
14349,Premium Baby Small - 44 Diaper Pants,Baby Care,Diapers & Wipes,Teddyy,499.0,499.0,Diapers,,"Teddyy Diaper Pants - Premium, offers a world-class Pants diaper for your baby's comfort and freedom. Customised for the Indian weather, designed for the Indian body-type and made in India, Teddyy Diaper Pants Premium are extremely soft and breathable. Using SAP (Super Absorbent Powder) which converts a liquid into gel, Teddyys offer a superior performance along with a unique embossed design which increases absorbency and a soft, cottony waistband for added comfort 100% freedom, for you and your baby."
14563,Breathable Premium Baby Diaper Pants With Wetness Indicator - Extra Large,Baby Care,Diapers & Wipes,Mee Mee,319.2,399.0,Diapers,3.0,"We know that nothing is more powerful than a mother's touch. No one can give your baby the kind of softness and protection you can. Inspired by mothers, Mee Mee Premium Diaper Pants use super absorbent polymers technology to make a premium quality, breathable product that is exceptionally soft and cloth-like. Equipped with a unique Wetness Indicator, it helps you to know that it is time for a diaper change by simply turning green."
14614,Premium Soft Diaper Pants - Small Size,Baby Care,Diapers & Wipes,Huggies,718.92,798.0,Diapers,5.0,"Our softest for your softest. Introducing the Premium Soft Pants with the breakthrough Silky Cocoon design from Huggies. Its Cushion Waistband ensures a gentle, comfortable fit that helps prevent red marks and Silken Outer Cover Provides luxurious, silky softness. Your baby spends a good part of their day in a diaper. Therefore, choosing the right diaper for their tender and delicate skin is extremely important. And this is where, Huggies introduce the next generation product, India’s 1st diaper pants with the unique Bubble-Bed technology. This is so soft & fluffy that it feels like a bed against your baby’s bottom, keeping it extremely comfortable. Moreover, it absorbs the wetness and spreads it out evenly, keeping your little one's bottom dry."
14892,"Nature Care Diaper Pants - Medium, Monthly Pack",Baby Care,Diapers & Wipes,Huggies,2183.09,2399.0,Diapers,,"Nature's gentle protection for your baby's delicate skin. Presenting the new Huggies Nature Care Diaper Pants. Made with organic cotton and a pH balanced liner, it's the ideal pant-style diaper for your little one's delicate skin. With no added parabens, latex & chlorine it gently protects your baby's skin. It's more than a diaper pant, it's a hug from Nature. Made with organic cotton and a pH balanced liner with no added parabens, latex & chlorine with the wetness indicator."
14995,Dry Pants Diapers - Large,Baby Care,Diapers & Wipes,Huggies,99.0,99.0,Diapers,4.1,"Your baby spends a good part of their day in a diaper. Therefore, choosing the right diaper for their tender and delicate skin is extremely important. And this is where, we introduce our next-generation product, India’s 1st diaper pants with the unique Bubble-Bed technology. There are 3 areas where a diaper surrounds the baby’s skin, the baby’s bottom, the baby’s waist, and the baby’s thigh. The skin of the baby in all these areas is extremely delicate and sensitive. The next generation Bubble wala Huggies has 3 unique features which provide our best care & comfort in all these 3 areas.This next-generation diaper pant is lined with the super-soft 3-D Bubble-Bed in the inside layer of the diaper. This is so soft & fluffy that it feels like a bed against your baby’s bottom, keeping it extremely comfortable. Moreover, it absorbs the wetness and spreads it out evenly, keeping your little one's bottom dry."
15006,Breathable Premium Baby Diaper Pants With Wetness Indicator - Large,Baby Care,Diapers & Wipes,Mee Mee,319.2,399.0,Diapers,,"We know that nothing is more powerful than a mother's touch. No one can give your baby the kind of softness and protection you can. Inspired by mothers, Mee Mee Premium Diaper Pants use super absorbent polymers technology to make a premium quality, a breathable product that is exceptionally soft and cloth-like. Equipped with a unique Wetness Indicator, it helps you to know that it is time for a diaper change by simply turning green."
15126,Organic Bamboo Based Wipes,Baby Care,Diapers & Wipes,Mamaearth,198.0,198.0,Baby Wipes,4.4,"I know how much mess a little one can make and that is why I am here to help you. Whether you're changing a diaper or need to wipe up baby's face after a messy meal, I am gentle and safe for all parts of your baby's delicate skin. I am paediatrician tested, hypoallergenic wipe, soft and ideal for sensitive skin. I am made from 100% organic bamboo and hence I don't cause rashes. I am enriched with shea butter, almond oil and aloe vera to gently nourish your baby's skin. I am an earth-friendly biodegradable alternative to traditional polyester based wet wipes."
15163,Disposal Bags For Discreet Disposal Of Tampons & Condoms,Baby Care,Diapers & Wipes,Sirona,135.59,149.0,Diapers,5.0,"Sirona Tampons and Condom disposal bags, No more searching for a newspaper or black plastic bag to throw your used tampons, condoms, chewing gums etc."
15235,Baby Happy Pants - Large,Baby Care,Diapers & Wipes,Bella,649.0,649.0,Diapers,,"Bella Baby Happy is the European brand of premium Baby products created with love for the little ones and introduced in India to ensure the highest comfort of care, so Mom and Baby can cherish the unforgettable moments of happiness together. Baby pants imported from Russia. Airflow technology allows free air circulation to protect from skin irritations and rashes. A quick and simple way of putting the diaper on.Fast absorption and a great feeling of dryness. Easy and hassle-free diaper changing. Underwear like. Safety confirmed by dermatologists (no perfume, no chlorine, no latex)."
15538,"Wonder Pants - Large, Combo",Baby Care,Diapers & Wipes,Huggies,1188.3,1398.0,Diapers,,"Your baby spends a good part of their day in a diaper. Therefore, choosing the right diaper for their tender and delicate skin is extremely important. And this is where, we introduce our next-generation product, India's 1st diaper pants with the unique Bubble-Bed technology. There are 3 areas where a diaper surrounds the baby's skin-the baby's bottom, the baby's waist, and the baby's thigh. The skin of the baby in all these areas is extremely delicate and sensitiveHuggies Wonder Pants Diapers with 3D Bubble bed technology with a Cushiony Waistband."
15576,XXXL (18-35 kg) - 7 Diaper Pants,Baby Care,Diapers & Wipes,Mamypoko,299.0,299.0,Diapers,4.5,"Mamypoko pants XXXL, specially designed for your growing child's needs. With an absorption capacity of 6 glasses and keeps your baby dry all night. Now let your child wake up to happier morning."
15696,Diaper Pants - Premium Care Large,Baby Care,Diapers & Wipes,Pampers ,391.02,399.0,Diapers,4.9,"New Pampers Premium Pants with cotton-like soft materials is best for the delicate skin of the baby. Pampers Premium Pants contain lotion with Aloe Vera and 3 Air Channels which helps the skin breathe. Experience 5 Star comfort with unique added features like Wetness Indicator which turns Yellow to Blue indication when you may change and disposal tape which helps you in the easy disposal of the diaper. Pampers is the No. 1 choice of diapers as rated by doctors. Pampers Premium Pants are available in New-born (NB), S, M, L, XL and XXL sizes."
15824,Baby Reusable Diaper - Pink,Baby Care,Diapers & Wipes,Quick Dry,499.0,499.0,Diapers,3.0,"These baby diapers from Quick Dry are 100% waterproof and is leak resistant. These diapers are washable, hence it can be reused. It is safe and hygienic to be used even after the wash. It can be easily washed in the washing machine. It comes in a variety of colours and the size of these diapers can be adjusted."
15921,"Pampers New Diapers Pants, Medium, 28 Count",Baby Care,Diapers & Wipes,Pampers ,391.02,399.0,Diapers,4.6,"Pampers baby-dry pants style diapers are the only pants in India with new air channels providing your baby with the comfort of dryness overnight. It comes with a magic gel that locks wetness away for up to 12 hours of dryness. The new and improved product design enables a comfortable fit and comes equipped with a flexible waistband that adapts to baby's movements for a comfortable fit. Baby lotion with Aloe Vera helps protect your baby's delicate skin from diaper rash and irritation. It also comes equipped with a top layer with cotton-like soft material for a comfortable nights sleep. It also comes with a wide variety of fun exterior graphics, designs and characters for your baby to enjoy."
15926,Wonder Diaper Pants - Medium Size,Baby Care,Diapers & Wipes,Huggies,456.58,499.0,Diapers,,"Your baby spends a good part of their day in a diaper. Therefore, choosing the right diaper for their tender and delicate skin is extremely important. And this is where, we introduce our next generation product, India's 1st diaper pants with the unique Bubble-Bed technology.There are 3 areas where a diaper surrounds the baby's skin-the baby's bottom, the baby's waist, and the baby's thigh. The skin of the baby in all these areas is extremely delicate and sensitiveHuggies Wonder Pants Diapers  with 3D Bubble bed technology with a Cushiony Waistband"
15938,"Pants - Extra Absorb Diaper, Extra Large Size",Baby Care,Diapers & Wipes,Mamypoko,1125.0,1499.0,Diapers,4.3,"MamyPoko Pants Extra Absorb Diapers with crisscross absorbent sheet absorbs 7 glasses of urine and spreads it equally, so there is no fear of heaviness. Its stretchable thigh support prevents gaps between diaper and baby's thigh, hence prevents leakage."
16036,Baby Skincare Wipes - Fresh,Baby Care,Diapers & Wipes,bigbasket,99.0,169.0,Baby Wipes,4.3,"bigbasket Wet Wipes are made from finest quality material which gives it a distinct honey comb look. Ingredients used in these wipes are absolutely safe and free from harmful chemicals like paraben and alcohol. bigbasket Wet Wipes come in three different fragrances Fresh, Sea Breeze and Cherry. These Wipes have aloe vera as key ingredient which makes it the best choice for baby hygiene, make-up remover, sanitizing your face and hand after a long drive, sports or any other situation where you need a quick hygiene solution."
16050,Pants Extra Absorb Diaper - Extra Large Size,Baby Care,Diapers & Wipes,Mamypoko,1758.24,1998.0,Diapers,3.9,"MamyPoko Pants Extra Absorb with crisscross absorbent sheet which absorbs 7 glasses of urine and spreads it equally, so there's no fear of heaviness. Its stretchable thigh support prevents gaps between diaper and baby's thigh, hence prevents leakage."
16466,"Pants - Extra Absorb Diaper, Medium Size",Baby Care,Diapers & Wipes,Mamypoko,99.0,99.0,Diapers,4.2,"MamyPoko Pants Extra Absorb Diapers are a pant style diaper that can be used most comfortably for the baby at night because of the powerful slim core that can absorb up to 12 hours, it prevents leakage till morning. Therefore, your baby can sleep soundly all night and wake up with a big smile in the morning."
16579,"Total Care Baby Pants - Large, 9S",Baby Care,Diapers & Wipes,Himalaya,140.0,140.0,Diapers,4.2,"Powered by a natural anti-rash shield, Indian Aloe and Yashad Bhasma (Zinc Oxide, that prevents the risk of diaper rash), it is soft and has an easy-to-fit design. It offers care and comfort to your baby; silky soft inner layer for soft & sensitive skin.Breathable fabric ensures proper air circulation and leakproof soft elastic edges prevent leakage. Super Absorbent Polymer (SAP) layer rapidly absorbs multiple wettings and provides maximum protection from dampness. Wetness indicator turns green to show when baby wets the diaper keeps skin dry so that baby gets an undisturbed and restful sleep."
16611,Premium Soft Diaper Pants - Extra Small,Baby Care,Diapers & Wipes,Huggies,200.2,220.0,Diapers,,"Our softest for your softest. Introducing the premium soft pants with the breakthrough silky cocoon design from Huggies. Huggies premium soft pants diapers new born-XS with silky cocoon silken outer cover - provides luxurious, silky softness and a wetness indicator."
17118,Premium Care Large - 44 Diaper Pants,Baby Care,Diapers & Wipes,Pampers ,770.0,1099.0,Diapers,4.2,"New Pampers Premium Pants with cotton-like soft materials is best for the delicate skin of the baby. Pampers Premium Pants contain lotion with Aloe Vera and 3 Air Channels which helps the skin breathe. Experience 5 Star comfort with unique added features like Wetness Indicator which turns Yellow to Blue indication when you may change and Disposal Tape which helps you in the easy disposal of the diaper. Pampers is the No. 1 choice of diapers as rated by Doctors. Pampers Premium Pants are available in New-born (NB), S, M, L, XL and XXL sizes."
17136,Baby Dry Medium - 20 Diapers,Baby Care,Diapers & Wipes,Pampers ,333.2,340.0,Diapers,4.1,"Let your baby's skin breathe easy with the airy, soft comfort offered by the Pampers diapers. These tape-styles Pamper diapers are easy to put on your baby and change, which comes as a great help to mothers. These comfort fitting diapers with stretchable sides are best for your baby's rest and playtime Offering complete care and protection, these baby diaper will help keep your baby smiling and comfortable at all times. With Magic gel layer, these baby diaper offers overnight dryness and protects your baby's delicate skin from the rash."
17185,Baby Dry Medium (6-11 kg) - 5 Diapers,Baby Care,Diapers & Wipes,Pampers ,68.0,80.0,Diapers,3.8,"Pampers Disposable Diapers Pads with magic gel can absorb quicker and hence keep the skin dry. So your baby's skin will be dry throughout the night and give him a peaceful, undisturbed golden sleep."
17247,"Baby Diaper - Pants, Medium, 7-12 kg, Soft Cotton, Soaks up to 12 Hours",Baby Care,Diapers & Wipes,Pampers ,1060.24,1398.0,Diapers,4.2,"Pampers baby-dry pants style diapers are the only pants in India with new air channels providing your baby with the comfort of dryness overnight. It comes with a magic gel that locks wetness away for up to 12 hours of dryness. The new & improved product design enables a comfortable fit and comes equipped with a flexible waistband that adapts to the baby's movements for a comfortable fit. Baby lotion with Aloe Vera helps protect your baby's delicate skin from diaper rash and irritation. It also comes equipped with a top layer with cotton-like soft material for a comfortable nights sleep. It also comes with a wide variety of fun exterior graphics, designs and characters for your baby to enjoy."
17284,New Extra Large,Baby Care,Diapers & Wipes,Pampers ,712.0,1149.0,Diapers,4.3,"Pampers baby diaper pants are the only pants in India with new air channels providing your baby with a new type of dryness overnight; breathable dryness. Magic Gel that locks the wetness away for up to 12 hours of dryness. The new and improved product design enables a comfortable fit, closer to the baby's body.A flexible waistband that adapts to the baby's movements for a comfortable fit. Baby lotion with aloe vera helps protect your baby's delicate skin from diaper rash and irritation. A top layer with the cotton-like soft material, for a comfortable nights sleep. Fun exterior graphics; fun designs and characters to enjoy with your baby."
17467,Pants Extra Absorb Diaper - Small Size,Baby Care,Diapers & Wipes,Mamypoko,1339.0,1998.0,Diapers,4.4,"MamyPoko Pants Extra Absorb with a crisscross absorbent sheet which absorbs 7 glasses of urine and spreads it equally, so there's no fear of heaviness. Its stretchable thigh support prevents gaps between diaper and baby's thigh, hence prevents leakage."
17548,New Born - 2 Diaper Pants,Baby Care,Diapers & Wipes,Pampers ,18.0,18.0,Diapers,4.5,"New Pampers Baby Dry Pants style diapers have 3 revolutionary Extra Absorb Channels, that help distribute wetness evenly throughout the pants diapers, so wetness doesn't collect in one place. Their Magic Gel Layer locks wetness inside and offers up to 12 hours of dryness to help your baby sleep soundly all night."
17629,Reusable Diaper Insert Pads,Baby Care,Diapers & Wipes,Paw Paw,339.0,339.0,Diapers,5.0,"India's no.1 reusable diaper, Paw Paw Fabric Diaper is highly absorbant, less susceptible to skin rashes & skin allergies, unlike disposable diapers. The reusable diaper is an eco-friendly diapering option that helps to reduce disposable waste in our landfills. With a unique rapisoak technology, this diaper has fine stitching which is tough to break and no colouring agent is used. Its feathery soft touch is perfect for your little one's skin."
17644,Gentle Nappy Rash Cream,Baby Care,Diapers & Wipes,Mee Mee,284.05,299.0,Nappies & Rash Cream,,"Baby Rash Cream is carefully made to the highest safety standards. It helps to prevent and control diaper rash, protects skin and helps seal out wetness. It is specially made for your babys skin. It provides relief from skin irritations and rashes."
17721,"Total Care Baby Pants - Small, 28S",Baby Care,Diapers & Wipes,Himalaya,375.0,375.0,Diapers,3.5,"Powered by a natural anti-rash shield, Indian Aloe and Yashad Bhasma (Zinc Oxide, that prevents the risk of diaper rash), it is soft and has an easy-to-fit design. It offers care and comfort to your baby; silky soft inner layer for soft & sensitive skin.Breathable fabric ensures proper air circulation and leakproof soft elastic edges prevent leakage. Super Absorbent Polymer (SAP) layer rapidly absorbs multiple wettings and provides maximum protection from dampness. Wetness indicator turns green to show when baby wets the diaper keeps skin dry so that baby gets an undisturbed and restful sleep."
17765,"Reusable Fabric Diaper - Small, Pink",Baby Care,Diapers & Wipes,Paw Paw,269.0,269.0,Diapers,2.3,"India's no.1 reusable diaper, Paw Paw Fabric Diaper is highly absorbant, less susceptible to skin rashes & skin allergies, unlike disposable diapers. The reusable diaper is an eco-friendly diapering option that helps to reduce disposable waste in our landfills. It has a reusable printed outer shell and super-absorbent reusable insert pad. It is very gentle for your little one's skin."
17926,Baby Happy Diapers - Maxi,Baby Care,Diapers & Wipes,Bella,2638.0,2638.0,Diapers,,"360° comfort system – the baby gets bigger and bigger, starts to roll, crawl and finally stands up and walk on its own. It uses all its energy to independently get to know the world around it. The diaper on this stage should not only provide the dryness (which is its substantial function) but also allow the maximum freedom of movements. System of diaper’s elastic elements along with anatomical absorbent core makes it very comfortable and don’t restrain the baby’s movements. The special distribution layer provides quick absorption on the whole length of the diaper, in no time isolating wetness from the baby’s skin. Airflow Technology - Breathability of the diaper provides access to the fresh air to the baby's skin, prevents diaper rash and minimizes the risk of irritation. Quick Dry - Special nonwoven speeds-up moisture distribution all along with the diaper for an exceptional sense of dryness. Flexi Fit - System of elastic elements: wide waistband together with the wide, elastic velcro fasteners for the exceptional freedom of movements. ""ANATOMICAL CORE Anatomical absorbent core for the perfect fit in the crotch area"". 0% perfume – Happy diapers do not have any synthetic fragrances. 0% chlorine – do not contain raw material bleached with elemental chlorine0% latex – do not contain latex elements which may cause irritations in people sensitive to this material.Happy diapers are dermatologically tested, they also have a positive opinion from the Mother and Child Institute of Poland and a positive opinion from the Polish National Insitute of Hygiene."
18139,"Wet Wipes - Caring Baby, Aloe Vera",Baby Care,Diapers & Wipes,Mee Mee,445.5,495.0,Baby Wipes,4.3,"Mee Mee Wet Wipes, provides gentle care and protection for babies, and effectively cleanses without ripping their delicate skin from moisture. Its aloe extract is a handy way of keeping your baby refreshed and happy at all times, while staying protected against rash and redness."
18292,Total Care Baby Pants Diapers - XL,Baby Care,Diapers & Wipes,Himalaya,1350.0,1350.0,Diapers,4.0,Powered by natural antirash shield: Indian Aloe and Yashad Bhasma (Zinc Oxide) (that prevent the risk of diaper rash) Soft easy-to-fit design offer care and comfort to your baby. silky soft inner layer for soft & sensitive skin Breathable fabric ensures proper air circulation and leakproof soft elastic edges prevent leakage. Superabsorbent polymer (SAP) layer: Rapidly absorbs multiple wettings and provides maximum protection from dampness. Wetness indicator: Turns green to show when the baby wets the diaper. Keeps skin dry so that baby gets an undisturbed and restful sleep.
18369,Premium Soft Diaper Pants - Extra Small,Baby Care,Diapers & Wipes,Huggies,1091.09,1199.0,Diapers,5.0,"Our softest for your softest. Introducing the Premium Soft Pants with the breakthrough Silky Cocoon design from Huggies. Its Cushion Waistband ensures a gentle, comfortable fit that helps prevent red marks and Silken Outer Cover Provides luxurious, silky softness. Your baby spends a good part of their day in a diaper. Therefore, choosing the right diaper for their tender and delicate skin is extremely important. And this is where, Huggies introduce the next generation product, India’s 1st diaper pants with the unique Bubble-Bed technology. This is so soft & fluffy that it feels like a bed against your baby’s bottom, keeping it extremely comfortable. Moreover, it absorbs the wetness and spreads it out evenly, keeping your little one's bottom dry."
18374,"Wonder Diaper Pants - Xtra Large, 12-17 Kg",Baby Care,Diapers & Wipes,Huggies,1548.36,2298.0,Diapers,4.5,"Huggies knows that nothing is more important than the comfort and well-being of your little baby. Choosing the best diaper for your baby is an important step in ensuring the comfort of your little one during the day as well as overnight. That is why we have lovingly designed Huggies Wonder Pants for the all-round comfort of your little one. These diaper pants keep your baby comfortable in the day and help them sleep peacefully at night without any wetness irritating their skin. Their cottony-soft material is gentle on their bum keeping their precious skin perfect. And their revolutionary Dry Touch Sheet pulls the wetness away from the skin of your baby keeping it dry and hygienic for up to 12 hours. If you are looking for safe and gentle care for your little one, stock up your diaper bags and changing tables with Huggies Wonder Pants."
18815,Premium Breathable Diaper -  Medium,Baby Care,Diapers & Wipes,Mee Mee,240.0,300.0,Diapers,2.7,"Ensure your precious child can play, crawl, run, walk, rest, eat and sleep uninterrupted all day in a clean way in Mee Mee premium breathable and disposable diapers. Designed with leak-proof technology and the softest cloth-like fabric, these breathable diapers are gentle on your baby sensitive skin. Easy to carry, use and store, these diapers ensure a safe, hygienic and joy cheerful little one childhood for your little one."
19029,"Pants - Extra Absorb Diaper, Extra Large Size",Baby Care,Diapers & Wipes,Mamypoko,700.0,999.0,Diapers,4.3,"MamyPoko Pants Extra Absorb is a pant Style diaper that can be used most comfortably for the baby at night. Because of the powerful slim core that can absorb up to 12 hours, it prevents leakage till morning. Therefore, your baby can sleep soundly all night and wake up with a big smile in the morning."
19407,Wonder Pants Large Size Diapers Monthly Pack,Baby Care,Diapers & Wipes,Huggies,1910.09,2099.0,Diapers,4.1,"Nothing can be more important than the comfort & well-being of your baby. Our flagship diaper pants, Huggies Wonder Pants, have been carefully designed to protect your precious bundle of joy. Cushiony cotton soft material all round keeps your baby’s precious skin perfect. Outstanding absorption up to 12 hours wraps your baby in a world of comfort. Advanced dry touch sheet keeps your baby dry all night long. Cushiony cotton soft material all round keeps your baby's precious skin perfect."
19425,"Pants - Extra Absorb Diaper, Extra Extra Large Size",Baby Care,Diapers & Wipes,Mamypoko,410.0,499.0,Diapers,4.4,"Mamypoko XX-Large Pants are specially designed for your growing child's needs. With an absorption capacity of 6 glasses, it keeps your baby dry all night. Now, let your child wake up to happier morning."
19467,Dry Pants Diapers - Large,Baby Care,Diapers & Wipes,Huggies,319.33,349.0,Diapers,4.8,"Your baby spends a good part of their day in a diaper. Therefore, choosing the right diaper for their tender and delicate skin is extremely important. And this is where, we introduce our next-generation product, India’s 1st diaper pants with the unique Bubble-Bed technology. There are 3 areas where a diaper surrounds the baby’s skin, the baby’s bottom, the baby’s waist, and the baby’s thigh. The skin of the baby in all these areas is extremely delicate and sensitive. The next generation Bubble wala Huggies has 3 unique features which provide our best care & comfort in all these 3 areas.This next-generation diaper pant is lined with the super-soft 3-D Bubble-Bed in the inside layer of the diaper. This is so soft & fluffy that it feels like a bed against your baby’s bottom, keeping it extremely comfortable. Moreover, it absorbs the wetness and spreads it out evenly, keeping your little one's bottom dry."
19582,Soft Baby Wipes - With Green Tea Essence,Baby Care,Diapers & Wipes,Mamypoko,49.0,49.0,Baby Wipes,3.9,"MamyPoko Soft baby wipes come with antibacterial properties and pleasant fragrance. It can be used to clean the baby at the time of diaper change, wiping their face, mouth, hands etc. Its antibacterial quality allows it to catches dust effectively and leaves the skin clean, Soft baby wipes are made of purified water that is gentle on baby's delicate skin, its pleasant fragrance gives both mother and baby a sense of freshness and cleanliness, its alcohol free which makes it mild enough to be used on newborn."
19755,Diaper Pants Super Value Box - Large,Baby Care,Diapers & Wipes,Pampers ,2087.28,2899.0,Diapers,4.3,"Pampers baby-dry pants style diapers are the only pants in India with new Air Channels providing your baby with a new type of dryness overnight; breathable dryness. Magic Gel that locks wetness away for up to 12 hours of dryness. The new and improved product design enables a comfortable fit, closer to the baby’s body. Flexible waistband that adapts to baby’s movements for a comfortable fit. Baby lotion with Aloe Vera helps protect your baby’s delicate skin from diaper rash and irritation. A top layer with cotton-like soft material, for a comfortable night’s sleep. Fun exterior graphics; fun designs and characters to enjoy with your baby."
19758,Baby Wipes - Combo Pack,Baby Care,Diapers & Wipes,Morison Baby Dreams,258.0,258.0,Baby Wipes,5.0,"Morisons Baby Dreams Baby wipes are ideal for a diaper change. It contains moisturiser like aloe vera that helps to keep the skin of the baby, cool and soothing. One pack contains baby wipes that are anti-bacterial, alcohol-free and has aloe vera which is a moisturiser. It is ideal for gentle skin with a pH level of 5.5. It contains the richness of aloe vera and Vitamin E. It is dermatologically tested, is hypoallergenic and alcohol-free. The baby wipes are stretchable and do not tear easily."
19804,Premium Baby Wet Wipes With Aloe Vera - Paraben Free,Baby Care,Diapers & Wipes,Bodyguard,105.0,125.0,Baby Wipes,4.1,"BodyGuard Premium Baby Wet Wipes are specially made for the baby's delicate skin, enriched with aloe vera extracts to give a soft and moisturised feel. The wipes contain special conditioners and emollients to nourish the skin and are ideal for cleansing while changing the diaper. These wipes are probably the safest wipes for your kid, as it contains 98% demineralised water."
19816,"Reusable Fabric Diaper - XL, Blue",Baby Care,Diapers & Wipes,Paw Paw,319.0,319.0,Diapers,3.3,"India's no.1 reusable diaper, Paw Paw Fabric Diaper is highly absorbant, less susceptible to skin rashes & skin allergies, unlike disposable diapers. The reusable diaper is an eco-friendly diapering option that helps to reduce disposable waste in our landfills. It has a reusable printed outer shell and super-absorbent reusable insert pad. It is very gentle for your little one's skin."
19820,Wonder Diaper Pants - Large Size,Baby Care,Diapers & Wipes,Huggies,320.25,350.0,Diapers,5.0,"Your baby spends a good part of their day in a diaper. Therefore, choosing the right diaper for their tender and delicate skin is extremely important. And this is where, we introduce our next-generation product, India's 1st diaper pants with the unique Bubble-Bed technology. There are 3 areas where a diaper surrounds the baby's skin-the baby's bottom, the baby's waist, and the baby's thigh. The skin of the baby in all these areas is extremely delicate and sensitiveHuggies Wonder Pants Diapers comes with 3D Bubble bed technology with a Cushiony Waistband."
19895,Aloe Vera Baby Wipes,Baby Care,Diapers & Wipes,Pampers ,195.02,199.0,Baby Wipes,4.5,"Every little miracle deserves gentle protection – mothers & doctors have always trusted Pampers to provide the care. Presenting Pampers Baby Wipes with Aloe which have the goodness of lotion with Aloe vera to protect against skin rashes & redness. Containing 97% pure water, Pampers Wipes provide mild cleaning for baby’s supples skin, just like cotton & water.
Pampers wipes are safe as they are paraben-free and infused with Vitamin-E. They help restore the natural pH of your baby’s skin, keeping it healthy and nourished. Pampers wipes are thick, soft and strong, ensuring a perfect, gentle cleaning for the baby’s skin. Lastly, the wipes come with a refreshing mild fragrance that you and your baby will surely love. The pack contains 72 wet wipes tissues with a lid."
19950,Wonder Pants Extra Large Size Diapers Monthly Pack,Baby Care,Diapers & Wipes,Huggies,1495.0,2299.0,Diapers,4.0,"Nothing can be more important than the comfort & well-being of your baby. Our flagship diaper pants, Huggies Wonder Pants, have been carefully designed to protect your precious bundle of joy. Cushiony cotton soft material all round keeps your baby’s precious skin perfect. Outstanding absorption up to 12 hours wraps your baby in a world of comfort. Advanced dry touch sheet keeps your baby dry all night long. Cushiony cotton soft material all round keeps your baby's precious skin perfect"
20027,Xtra Large New Monthly Box - 112 Diaper Pants,Baby Care,Diapers & Wipes,Pampers ,1610.0,2299.0,Diapers,4.3,"Pampers baby diaper pants are the only pants in India with new air channels providing your baby with a new type of dryness overnight; breathable dryness. Magic Gel that locks the wetness away for up to 12 hours of dryness. The new and improved product design enables a comfortable fit, closer to the babys body. A flexible waistband that adapts to the babys movements for a comfortable fit. Baby lotion with aloe vera helps protect your babys delicate skin from diaper rash and irritation. A top layer with the cotton-like soft material, for a comfortable nights sleep. Fun exterior graphics; fun designs and characters to enjoy with your baby."
20038,Baby Happy Two-Layer Universal Tissues,Baby Care,Diapers & Wipes,Bella,417.0,417.0,Baby Wipes,5.0,Bella No1 is the European brand of premium quality tissue and paper products manufactured according to the highest standards to ensure the best quality and unusual softness.
20093,"Reusable Fabric Diaper - Large, Blue",Baby Care,Diapers & Wipes,Paw Paw,269.0,269.0,Diapers,2.5,"India's no.1 reusable diaper, Paw Paw Fabric Diaper is highly absorbant, less susceptible to skin rashes & skin allergies, unlike disposable diapers. The reusable diaper is an eco-friendly diapering option that helps to reduce disposable waste in our landfills. It has a reusable printed outer shell and super-absorbent reusable insert pad. It is very gentle for your little one's skin."
20528,Active Baby Xtra Large - 32 Diapers,Baby Care,Diapers & Wipes,Pampers ,794.0,899.0,Diapers,4.2,"With 5 Star Skin Protection, these are the best tape style diapers from Pampers, with an outer layer of cotton-like softness, this baby diaper provides intense care to your baby's sensitive skin and protects it effectively from friction rash and redness. These soft and comfort fitting diapers with stretchable sides are best for your baby's rest and playtime.The diapers fastening tape sticks multiple times thus ensuring it stays in place even after you fasten it after checking your baby's diaper. Protection and nourishment of your baby's skin are taken care of with extracts of moisturising Aloe Vera lotion, characteristic of these best baby diapers. These diapers are ultra-thin, thanks to the absorbent gel material (AGM), commonly known as Magic Gel. This magic gel core of Pampers diapers is highly effective in absorbing frequent wetness. Naturally, your baby's skin remains dry for upto12 hours, now no more frequent diaper changing or blow leaks for your little angel."
20599,Wonder Diaper Pants - Large Size,Baby Care,Diapers & Wipes,Huggies,456.58,499.0,Diapers,5.0,"Your baby spends a good part of their day in a diaper. Therefore, choosing the right diaper for their tender and delicate skin is extremely important. And this is where, we introduce our next-generation product, India's 1st diaper pants with the unique Bubble-Bed technology. There are 3 areas where a diaper surrounds the baby's skin-the baby's bottom, the baby's waist, and the baby's thigh. The skin of the baby in all these areas is extremely delicate and sensitiveHuggies Wonder Pants Diapers with 3D Bubble bed technology with a Cushiony Waistband."
20643,Active Baby New - 24 Diaper Pants,Baby Care,Diapers & Wipes,Pampers ,352.8,360.0,Diapers,4.4,"With 5 Star Skin Protection, these are the best tape style diapers from Pampers, with an outer layer of cotton-like softness, this baby diaper provides intense care to your baby's sensitive skin and protects it effectively from friction rash and redness. These soft and comfort fitting diapers with stretchable sides are best for your baby's rest and playtime.The diapers fastening tape sticks multiple times thus ensuring it stays in place even after you fasten it after checking your baby's diaper. Protection and nourishment of your baby's skin are taken care of with extracts of moisturising Aloe Vera lotion, characteristic of these best baby diapers. These diapers are ultra-thin, thanks to the absorbent gel material (AGM), commonly known as Magic Gel. This magic gel core of Pampers diapers is highly effective in absorbing frequent wetness. Naturally, your baby's skin remains dry for upto12 hours, now no more frequent diaper changing or blow leaks for your little angel."
20765,Easy Adult Diaper - Large,Baby Care,Diapers & Wipes,Friends,451.5,525.0,Diapers,5.0,Friends Easy Adult Diapers provide up to 8 hrs of protection. It has a high absorbency rate and comes with a Wetness Indicator.
21352,Nature Care Diaper Pants - Large Size,Baby Care,Diapers & Wipes,Huggies,363.09,399.0,Diapers,,"Nature's gentle protection for your baby's delicate skin. Presenting the new Huggies Nature Care Diaper Pants. Made with organic cotton and a pH balanced liner, it's the ideal pant-style diaper for your little one's delicate skin. With no added parabens, latex & chlorine it gently protects your baby's skin. It's more than a diaper pant, it's a hug from Nature. Made with organic cotton and a pH balanced liner with no added parabens, latex & chlorine with the wetness indicator."
21472,Premium Care Large Monthly Box Pack - 88 Diaper Pants,Baby Care,Diapers & Wipes,Pampers ,1511.28,2099.0,Diapers,4.3,"New Pampers Premium Pants with cotton-like soft materials is best for your babys delicate skin. Pampers Premium Pants contain lotion with Aloe Vera and 3 Air Channels which helps your babys skin breathe. Experience 5 Star comfort with unique added features like Wetness Indicator which turns Yellow to Blue indication when you may change and Disposal Tape which helps you in the easy disposal of the diaper. Pampers is the No. 1 choice of Doctors for diapers. Pampers Premium Pants are available in New-born (NB), S, M, L, XL and XXL sizes."
21545,Premium Baby Wet Wipes With Aloe Vera - Paraben Free,Baby Care,Diapers & Wipes,Bodyguard,292.5,375.0,Baby Wipes,4.0,"BodyGuard Premium Baby Wet Wipes are specially made for the baby's delicate skin. It is enriched with aloe vera extracts to give a soft and moisturised feel. The wipes contain special conditioners and emollients to nourish the skin and are ideal for cleansing while changing the diaper. These wipes are probably the safest wipes for your kid, as it contains 98% demineralised water."
21599,Premium Care New Baby Small - 70 Pant Diapers,Baby Care,Diapers & Wipes,Pampers ,813.26,1099.0,Diapers,3.8,"New Pampers Premium Pants with cotton-like soft materials is best for the delicate skin of the baby. Pampers Premium Pants contain lotion with Aloe Vera and 3 Air Channels which helps the skin breathe. Experience 5 Star comfort with unique added features like Wetness Indicator which turns Yellow to Blue indication when you may change and Disposal Tape which helps you in the easy disposal of the diaper. Pampers is the No. 1 choice of diapers as rated by Doctors. Pampers Premium Pants are available in New-born (NB), S, M, L, XL and XXL sizes."
21611,New Dry Diapers - Large Size,Baby Care,Diapers & Wipes,Huggies,1445.7,1580.0,Diapers,3.8,One of the most important baby care products that you buy for your baby is diapers. A good quality diaper can help keep your baby comfortable during play as well as sleep time. Choose Huggies New Dry Diapers â€“ these diapers are highly absorbent and help in keeping your babyâ€™s skin dry & fresh. These diapers are suitable for your babyâ€™s skin to ensure uninterrupted play and nap time. Huggies New Dry is available in different sizes from Small to Large to suit your baby.
22100,"Adult Diapers - Super Breathable, Large",Baby Care,Diapers & Wipes,Seni,600.0,800.0,Diapers,,"Seni is the European brand of superior quality absorbent products and skincare solutions that won the trust of millions of incontinent patients as well as caregivers worldwide. Profound knowledge and a wealth of experience ensure maximum comfort of use and specialist protection against skin disorders such as bedsores. The essential feature of Seni products is Air breathability. Free air circulation significantly lowers the risk of chafes, skin irritations and bedsores prone to develop especially in bedridden patients. Breathable products are absolutely necessary to ensure proper air ventilation, avoid certain skin disorders and keep the skin in good condition. 

Imported from Europe.
Breathable all-in-one diapers Super Seni Plus with increased absorbency are recommended especially for the day - time for bedridden patients with moderate, heavy and very heavy incontinence.
The essential feature of Seni products is Air breathability. Free air circulation significantly lowers the risk of chafes, skin irritations and bedsores prone to develop especially in bedridden patients. Breathable products are absolutely necessary to ensure proper air ventilation, avoid certain skin disorders and keep the skin in good condition."
22134,"Baby Diaper - Pants, Small, 4-8 kg, Soft Cotton, Soaks up to 12 Hours",Baby Care,Diapers & Wipes,Pampers ,1060.24,1398.0,Diapers,4.1,"Pampers baby-dry pants style diapers are the only pants in India with new Air Channels providing your baby with a new type of dryness overnight; breathable dryness. Magic Gel locks wetness away for up to 12 hours of dryness. The new & improved product design enables a comfortable fit, closer to the baby's body. The flexible waistband adapts to the baby's movements for a comfortable fit. Baby lotion with Aloe Vera helps protect your baby's delicate skin from diaper rash and irritation. A top layer with a cotton-like soft material, for a comfortable nights sleep. Fun exterior graphics, fun designs and characters to enjoy with your baby."
22235,Wonder Pants Xtra Small - 12 Diapers,Baby Care,Diapers & Wipes,Huggies,99.0,99.0,Diapers,4.3,"Nothing can be more important than the comfort & well-being of your baby. This flagship diaper pants, Huggies Wonder Pants, have been carefully designed to protect your precious bundle of joy. It has cushiony cotton soft material all round to keep the precious skin of your baby perfect. It has outstanding absorption up to 12 hours which wraps your baby in a world of comfort. It has advanced dry touch sheet to keep your baby dry all night long."
22263,Total Care Baby Pants Diapers - M,Baby Care,Diapers & Wipes,Himalaya,932.0,1050.0,Diapers,2.0,Powered by natural anti-rash shield: Indian Aloe and Yashad Bhasma (Zinc Oxide) (that prevent the risk of diaper rash) Soft easy-to-fit design offer care and comfort to your baby. silky soft inner layer for soft & sensitive skin Breathable fabric ensures proper air circulation and leakproof soft elastic edges prevent leakage. Superabsorbent polymer (SAP) layer: Rapidly absorbs multiple wettings and provides maximum protection from dampness. Wetness indicator: Turns green to show when the baby wets the diaper. Keeps skin dry so that baby gets an undisturbed and restful sleep.
22302,Baby Happy Diapers - Mini,Baby Care,Diapers & Wipes,Bella,2638.0,2638.0,Diapers,,"Early Care System – newborns and infants require especially gentle care, that’s why Early Care System consists of qualities most vital for them – softness, gentleness and avoiding rushes and irritations to the sensitive skin. Specially embossed inner non-woven material provides quick absorption, and its gentle, soft structure tucks in the sensitive skin of the littlest ones. Along with soft outer layer makes the diaper feel like the softest underwear. The breathable outer layer protects against irritations and wetness indicator lets the parents decide when to change the diaper. Airflow Technology - Breathability of the diaper provides access to the fresh air to the baby's skin, prevents diaper rash and minimizes the risk of irritation. Premium Dry - Special embossed non-woven speeds-up the absorption and increases the feeling of the dryness. Extra Softcover - Super soft external layer of the diaper provides a feeling of exceptional softness and comfort. Wetness Indicator - To ensure that your baby will always have dry skin - there is a wetness indicator, which clearly (by colour change) shows to the parents that the diaper needs to be changed. 0% perfume – Happy diapers do not have any synthetic fragrances. 0% chlorine – do not contain raw material bleached with elemental chlorine, 0% latex – do not contain latex elements which may cause irritations in people sensitive to this material. Happy diapers are dermatologically tested, they also have a positive opinion from the Mother and Child Institute of Poland and a positive opinion from the Polish National Insitute of Hygiene."
22463,"Wonder Pants - Extra Large, Combo",Baby Care,Diapers & Wipes,Huggies,1279.17,1398.0,Diapers,,"Your baby spends a good part of their day in a diaper. Therefore, choosing the right diaper for their tender and delicate skin is extremely important. And this is where, we introduce our next-generation product, India's 1st diaper pants with the unique Bubble-Bed technology. There are 3 areas where a diaper surrounds the baby's skin-the baby's bottom, the baby's waist, and the baby's thigh. The skin of the baby in all these areas is extremely delicate and sensitiveHuggies Wonder Pants diapers come with 3D Bubble bed technology with a cushiony waistband."
22662,Baby Skin Care Wipes - Cherry Blossom,Baby Care,Diapers & Wipes,bigbasket,99.0,169.0,Baby Wipes,4.3,"bigbasket Wet Wipes are made from finest quality material which gives it a distinct honey comb look. Ingredients used in these wipes are absolutely safe and free from harmful chemicals like paraben and alcohol. bigbasket Wet Wipes come in three different fragrances Fresh, Sea Breeze and Cherry. These Wipes have aloe vera as key ingredient which makes it the best choice for baby hygiene, make-up remover, sanitizing your face and hand after a long drive, sports or any other situation where you need a quick hygiene solution."
22774,Diaper Pants - New Baby,Baby Care,Diapers & Wipes,Pampers ,195.02,199.0,Diapers,4.2,"Pampers baby-dry pants style diapers are the only pants in India with new Air Channels providing your baby with a new type of dryness overnight; breathable dryness. Magic Gel that locks wetness away for up to 12 hours of dryness. The new & improved product design enables a comfortable fit, closer to the baby's body. The flexible waistband that adapts to baby's movements for a comfortable fit. Baby lotion with Aloe Vera helps protect your baby's delicate skin from diaper rash and irritation. A top layer with a cotton-like soft material, for a comfortable nights sleep. Fun exterior graphics, fun designs & characters to enjoy with your baby."
22808,Standard Air Adult Diapers - Medium A'10,Baby Care,Diapers & Wipes,Seni,550.0,550.0,Diapers,,"All-in-one diapers Seni Standard Air with breathable wings are recommended for bedridden patients with moderate to heavy incontinence. Free air circulation on the side wings significantly lowers the risk of chafes, skin irritations and bedsores prone to develop especially in bedridden patients. Breathable products are absolutely necessary to ensure proper air ventilation, avoid certain skin disorders and keep the skin in good condition. Side standing gathers made of a hydrophobic nonwoven keep the moisture inside and prevent from side leakages. Wetness indicator - an easy and convenient way to check when a diaper should be changed - there is no need to open a product and disturb a patient to see if a diaper is soaked. Latex Free construction minimises the risk of allergies."
22915,Nature Care Diaper Pants - Medium Size,Baby Care,Diapers & Wipes,Huggies,363.09,399.0,Diapers,,"Nature's gentle protection for your baby's delicate skin. Presenting the new Huggies Nature Care Diaper Pants. Made with organic cotton and a pH balanced liner, it's the ideal pant-style diaper for your little one's delicate skin. With no added parabens, latex & chlorine it gently protects your baby's skin. It's more than a diaper pant, it's a hug from Nature. Made with organic cotton and a pH balanced liner with no added parabens, latex & chlorine with the wetness indicator."
22978,Baby Reusable Diaper - Blue,Baby Care,Diapers & Wipes,Quick Dry,499.0,499.0,Diapers,4.5,"These baby diapers from Quick Dry are 100% waterproof and is leak resistant. These diapers are washable, hence it can be reused. It is safe and hygienic to be used even after the wash. It can be easily washed in the washing machine. It comes in a variety of colours and the size of these diapers can be adjusted."
22996,Total Care Medium - 54 Diaper Pants,Baby Care,Diapers & Wipes,Himalaya Baby,705.0,750.0,Diapers,4.1,"Your baby requires the utmost care. Himalaya Total Care Baby Pants is a one-step diaper solution specially designed for comfort, protection and total care of baby's skin. Himalaya Total Care Baby Pants comes in an easy to wear pant style design that offers a soft and comfortable fit & are easy to pull on and off. Enriched with the goodness of Aloe vera and Yashada bhasma, Himalaya Total Care Baby Pants offers a protective anti-rash shield that reduces the activity of harmful enzymes and prevents diaper rash."
23131,Baby Dry Small - 11 Diapers,Baby Care,Diapers & Wipes,Pampers ,136.0,160.0,Diapers,4.2,"Pampers baby dry diapers with magic gel can absorb quicker and hence keep the skin dry for up to 10 hours. So your baby's skin will be dry throughout the night and give him a peaceful, undisturbed golden sleep."
23259,Dry Pants Diapers - X-Large,Baby Care,Diapers & Wipes,Huggies,319.33,349.0,Diapers,5.0,"Your baby spends a good part of their day in a diaper. Therefore, choosing the right diaper for their tender and delicate skin is extremely important. And this is where, we introduce our next-generation product, India’s 1st diaper pants with the unique Bubble-Bed technology. There are 3 areas where a diaper surrounds the baby’s skin, the baby’s bottom, the baby’s waist, and the baby’s thigh. The skin of the baby in all these areas is extremely delicate and sensitive. The next generation Bubble wala Huggies has 3 unique features which provide our best care & comfort in all these 3 areas.This next-generation diaper pant is lined with the super-soft 3-D Bubble-Bed in the inside layer of the diaper. This is so soft & fluffy that it feels like a bed against your baby’s bottom, keeping it extremely comfortable. Moreover, it absorbs the wetness and spreads it out evenly, keeping your little one's bottom dry."
23439,Baby Diapers & Sanitary Disposal Bag,Baby Care,Diapers & Wipes,Bodyguard,176.22,198.0,Diapers,,"Now Bigger & Better! Worried about disposing of your Sanitary & Intimate Products? Made in India, 'I Love Clean' by BodyGuard are Cute Oxo BioDegradable Disposable Sanitary Bags & are best for Hygienic Disposal of Intimate Care Products (Sanitary Pads, Tampons, Panty Liners, Baby Diapers, Condoms, PeeBuddy) or General products (which need discreet disposal). No More Black Plastic Bags, No More Newspaper. Now use I Love Clean."
23534,Nature Care Diaper Pants - Large Size,Baby Care,Diapers & Wipes,Huggies,1091.09,1199.0,Diapers,4.0,"Nature's gentle protection for your baby's delicate skin. Presenting the new Huggies Nature Care Diaper Pants. Made with organic cotton and a pH balanced liner, it's the ideal pant-style diaper for your little one's delicate skin. With no added parabens, latex & chlorine it gently protects your baby's skin. It's more than a diaper pant, it's a hug from Nature. Made with organic cotton and a pH balanced liner with no added parabens, latex & chlorine with the wetness indicator."
23667,Splashers Medium - 12 Disposable Swim Diaper Pants,Baby Care,Diapers & Wipes,Pampers ,999.0,999.0,Diapers,,"Your baby is free to make a splash in Pampers Splashers disposable swim diapers! Pampers Splashers don't swell in water like regular diapers, giving your baby a comfortable fit when wet or dry. For secure protection in the water, Splashers Dual-Leak Guard Barriers fit snugly around your baby's legs to help contain messes, making them perfect for the pool, beach, splash park, and more. Only Pampers Splashers are designed with a 360 Degree, all-around stretchy waistband that fits like swimwear and easily pulls on and off even when wet. Plus, Splashers are equipped with Easy-Tear Sides for quick disposal with less mess, and our adorable, swim-inspired, all-over graphics look like real swimwear. Pampers Splashers make a day at the pool even more fun."
23720,"Wonder Pants - Small, Combo",Baby Care,Diapers & Wipes,Huggies,1279.17,1398.0,Diapers,,"Your baby spends a good part of their day in a diaper. Therefore, choosing the right diaper for their tender and delicate skin is extremely important. And this is where, we introduce our next-generation product, India's 1st diaper pants with the unique Bubble-Bed technology. There are 3 areas where a diaper surrounds the baby's skin-the baby's bottom, the baby's waist, and the baby's thigh. The skin of the baby in all these areas is extremely delicate and sensitiveHuggies Wonder Pants Diapers Small Size pack with 3D Bubble bed technology with a Cushiony Waistband."
23754,Dry Pants Diapers - X-Large,Baby Care,Diapers & Wipes,Huggies,182.09,199.0,Diapers,4.6,"Your baby spends a good part of their day in a diaper. Therefore, choosing the right diaper for their tender and delicate skin is extremely important. And this is where, we introduce our next-generation product, India’s 1st diaper pants with the unique Bubble-Bed technology. There are 3 areas where a diaper surrounds the baby’s skin, the baby’s bottom, the baby’s waist, and the baby’s thigh. The skin of the baby in all these areas is extremely delicate and sensitive. The next generation Bubble wala Huggies has 3 unique features which provide our best care & comfort in all these 3 areas.This next-generation diaper pant is lined with the super-soft 3-D Bubble-Bed in the inside layer of the diaper. This is so soft & fluffy that it feels like a bed against your baby’s bottom, keeping it extremely comfortable. Moreover, it absorbs the wetness and spreads it out evenly, keeping your little one's bottom dry."
23815,Baby Wet Wipes,Baby Care,Diapers & Wipes,Canopus,75.0,75.0,Baby Wipes,,"These baby wet wipes are mild and soft on the sensitive skin of the baby. It will provide a refreshing change for your baby and comfortable as well. Also, it is safe, hygienic and handy to keep. They are thick and makes cleaning easy and efficient."
23860,Baby Skincare Wipes - Super Saver Pack,Baby Care,Diapers & Wipes,Johnson's baby,412.8,430.0,Baby Wipes,4.6,"Johnson's baby wipes with lid protects newborn delicate skin from redness and rashes.
Johnson's baby wipes have sponge-like fibres with 3x moisturizing lotion for soft and gentle care for a newborn.
Alcohol-free, soap-free.
Every Johnson’s product passes a 5 level safety assurance process.
No harmful chemicals. Only 100% gentle care.
Fliptop on the pack helps keep moisture locked in for longer use.
Clinically mildness proven."
23866,Baby Happy Small - 44 Diapers,Baby Care,Diapers & Wipes,Bella,510.0,529.0,Diapers,4.4,"Bella Baby Happy is the European brand of premium Baby diapers, IMPORTED FROM EUROPE. Happy diapers are featured with cutting - edge DIAPER RASH FREE SYSTEM - a complex of unique features that keep your Baby's skin healthy. Happy diapers prevent the appearance of rashes irritations, allergies and reddening. AIR CIRCULATION - special outer cover allows full air circulation that keeps the right temperature inside a diaper, lets the vapour go through and keeps your Baby's skin dry, fresh and healthy. GREEN TEA EXTRACT - green tea extract has antibacterial & anti-inflammatory properties and it neutralizes the unpleasant smell. SKIN FRIENDLY TECHNOLOGY - latex and chlorine-free components minimise the risk of rashes and allergic reactions. MAGIC GEL - magic pearls transform the liquid into gel and isolate wetness from Baby's bottom. Fast absorption effectively protects against leakages and ensures maximum dryness. Gentle gathers on both sides of a diaper hold the moisture inside and prevent leakages. Elastic tapes guarantee freedom of movement with no pressure on Baby's delicate skin. Symmetrical pictures in front of a diaper enable proper fastening. Wetness indicator informs when a diaper should be changed"
24063,Baby Small - 40 Diaper Pants,Baby Care,Diapers & Wipes,Pigeon,799.0,799.0,Diapers,,"Pigeon baby diaper pants are specially designed for your baby’s regular hygiene needs. The silky soft top sheet and soft elastic waistbands help in your baby’s comfortable movement. Crisscross pattern and highly absorbent material help your baby to stay protected for up to 12 hours. The highly breathable back sheet allows easy airflow, thus helping to prevent diaper rashes. The diaper comes with a wetness indicator to help you indicate the right time to change."
24282,Reusable Diaper Insert Pads - XL,Baby Care,Diapers & Wipes,Paw Paw,209.0,209.0,Diapers,3.5,"India's no.1 reusable diaper, Paw Paw Diaper Insert Pad is highly absorbant, less susceptible to skin rashes & skin allergies, unlike disposable diapers. The reusable diaper is an eco-friendly diapering option that helps to reduce disposable waste in our landfills. With a unique rapisoak technology, this diaper has fine stitching which is tough to break and no colouring agent is used. Its feathery soft touch is perfect for your little one's skin."
24289,Baby Dry Large (9-14 kg) - 5 Diapers,Baby Care,Diapers & Wipes,Pampers ,88.2,90.0,Diapers,3.1,"Pampers Disposable Diapers provide an exclusive absorbent system featuring 4 layers of magical gel to ensure that your baby remains dry for up to 10 hours. It contains with thin magical gel, these disposable diapers come with leg elastic for correct fit."
24461,"Premium Soft Diaper Pants -  Medium, Monthly Pack",Baby Care,Diapers & Wipes,Huggies,2183.09,2399.0,Diapers,5.0,"Our softest for your softest. Introducing the Premium Soft Pants with the breakthrough Silky Cocoon design from Huggies. Its Cushion Waistband ensures a gentle, comfortable fit that helps prevent red marks and Silken Outer Cover Provides luxurious, silky softness. Your baby spends a good part of their day in a diaper. Therefore, choosing the right diaper for their tender and delicate skin is extremely important. And this is where, Huggies introduce the next generation product, India’s 1st diaper pants with the unique Bubble-Bed technology. This is so soft & fluffy that it feels like a bed against your baby’s bottom, keeping it extremely comfortable. Moreover, it absorbs the wetness and spreads it out evenly, keeping your little one's bottom dry."
24797,Natural Diaper Rash Cream,Baby Care,Diapers & Wipes,The Moms Co,199.0,199.0,Nappies & Rash Cream,4.5,"Our Fast-acting Best Natural Diaper Rash Cream with 15% Zinc Oxide, Hydrolized Oat Protein & Organic Chamomile Oil helps, prevents, treats and quickly soothe the skin inflammation."
24963,Standard Large - 34 Diaper Pants,Baby Care,Diapers & Wipes,Mamypoko,328.0,399.0,Diapers,4.2,"MamyPoko Pants is a pant style diaper that can be used most comfortably for the baby at night. These easy to pull up pants gives 10 hrs leakage protection, therefore, your baby can sleep soundly all night and wake up with a big smile in the morning."
25002,"Baby Diaper - Pants, Large, 9-14 kg, Soft Cotton, Soaks up to 12 Hours",Baby Care,Diapers & Wipes,Pampers ,1367.04,2298.0,Diapers,4.2,"Pampers baby-dry pants style diapers are the only pants in India with new air channels providing your baby with the comfort of dryness overnight. It comes with a magic gel that locks wetness away for up to 12 hours of dryness. The new & improved product design enables a comfortable fit and comes equipped with a flexible waistband that adapts to the baby's movements for a comfortable fit. Baby lotion with Aloe Vera helps protect your baby's delicate skin from diaper rash and irritation. It also comes equipped with a top layer with cotton-like soft material for a comfortable nights sleep. It also comes with a wide variety of fun exterior graphics, designs and characters for your baby to enjoy."
25020,Diaper Pants Super Value Box - Small,Baby Care,Diapers & Wipes,Pampers ,2799.0,2799.0,Diapers,3.6,"Pampers baby-dry pants style diapers are the only pants in India with new Air Channels providing your baby with a new type of dryness overnight; breathable dryness. Magic Gel that locks wetness away for up to 12 hours of dryness. The new and improved product design enables a comfortable fit, closer to the baby’s body. Flexible waistband that adapts to baby’s movements for a comfortable fit. Baby lotion with Aloe Vera helps protect your baby’s delicate skin from diaper rash and irritation. A top layer with cotton-like soft material, for a comfortable night’s sleep. Fun exterior graphics; fun designs and characters to enjoy with your baby."
25022,"Premium Soft Diaper Pants - Large, Monthly Pack",Baby Care,Diapers & Wipes,Huggies,1799.25,2399.0,Diapers,,"Our softest for your softest. Introducing the Premium Soft Pants with the breakthrough Silky Cocoon design from Huggies. Its Cushion Waistband ensures a gentle, comfortable fit that helps prevent red marks and Silken Outer Cover Provides luxurious, silky softness. Your baby spends a good part of their day in a diaper. Therefore, choosing the right diaper for their tender and delicate skin is extremely important. And this is where, Huggies introduce the next generation product, India’s 1st diaper pants with the unique Bubble-Bed technology. This is so soft & fluffy that it feels like a bed against your baby’s bottom, keeping it extremely comfortable. Moreover, it absorbs the wetness and spreads it out evenly, keeping your little one's bottom dry."
25214,Baby Skincare Wipes - Sea Breeze,Baby Care,Diapers & Wipes,bigbasket,99.0,169.0,Baby Wipes,4.3,"bigbasket Wet Wipes are made from finest quality material which gives it a distinct honey comb look. Ingredients used in these wipes are absolutely safe and free from harmful chemicals like paraben and alcohol. bigbasket Wet Wipes come in three different fragrances Fresh, Sea Breeze and Cherry. These Wipes have aloe vera as key ingredient which makes it the best choice for baby hygiene, make-up remover, sanitizing your face and hand after a long drive, sports or any other situation where you need a quick hygiene solution."
25328,Rich Moisture Baby Wipes,Baby Care,Diapers & Wipes,Baby Dove,114.75,135.0,Baby Wipes,4.3,"What are the best baby wipes- If you ask us, they should shield and soothe babys skin after every diaper change. Extra-mild and non-irritating, Baby Dove Rich Moisture Baby Care Wipes are suitable for using all over - not only on babys bottom but to gently clean delicate hands, face and body, leaving your babys skin feeling soft. If you like baby wipes that leave your little ones skin perfectly clean, as well as moisturised, these Baby Dove baby wipes are really for you. With a dermatologically and pediatrically tested, hypoallergenic and alcohol-free formula, there is no need to look for special newborn baby wipes - Baby Dove Rich Moisture Baby Care Wipes are gentle as water and suitable and safe for your littlest little one as they are created with no parabens, no dyes and no phthalates. And with an easy-to-use pack that stays fresh even after opening, you can easily pull individual baby wipes to get to the action quickly and effectively. So what are you waiting for- Buy it now for your baby!"
25669,Nature Care Diaper Pants - Medium Size,Baby Care,Diapers & Wipes,Huggies,1091.09,1199.0,Diapers,,"Nature's gentle protection for your baby's delicate skin. Presenting the new Huggies Nature Care Diaper Pants. Made with organic cotton and a pH balanced liner, it's the ideal pant-style diaper for your little one's delicate skin. With no added parabens, latex & chlorine it gently protects your baby's skin. It's more than a diaper pant, it's a hug from Nature. Made with organic cotton and a pH balanced liner with no added parabens, latex & chlorine with the wetness indicator."
25698,Total Care Extra Large,Baby Care,Diapers & Wipes,Himalaya Baby,940.0,1000.0,Diapers,3.9,"Your baby requires the utmost care. Himalaya Total Care Baby Pants is a one-step diaper solution specially designed for comfort, protection and total care of baby's skin. Himalaya Total Care Baby Pants comes in an easy to wear pant style design that offers a soft and comfortable fit & are easy to pull on and off. Enriched with the goodness of Aloe vera and Yashada bhasma, Himalaya Total Care Baby Pants offers a protective anti-rash shield that reduces the activity of harmful enzymes and prevents diaper rash."
25867,Soothing Baby Wipes,Baby Care,Diapers & Wipes,Himalaya,79.0,79.0,Baby Wipes,4.4,"Soothing baby wipes from Himalaya soothes the skin and relaxes the baby. Combining the unique benefits of Lavender, Aloe Vera, Almond Oil, Five-Leaved Chaste Tree and Indian Madder, these wipes soothe, moisturize and protect the skin. It helps in calming the baby and promoting sleep. It is advised to use the wipes before baby’s bedtime in order to to have a peaceful sleep."
26047,"Total Care Baby Pants - X-Large, 9S",Baby Care,Diapers & Wipes,Himalaya,150.0,150.0,Diapers,4.7,"Powered by a natural anti-rash shield, Indian Aloe and Yashad Bhasma (Zinc Oxide, that prevents the risk of diaper rash), it is soft and has an easy-to-fit design. It offers care and comfort to your baby; silky soft inner layer for soft & sensitive skin.Breathable fabric ensures proper air circulation and leakproof soft elastic edges prevent leakage. Super Absorbent Polymer (SAP) layer rapidly absorbs multiple wettings and provides maximum protection from dampness. Wetness indicator turns green to show when baby wets the diaper keeps skin dry so that baby gets an undisturbed and restful sleep."
26135,Dry Pants Diapers - Small,Baby Care,Diapers & Wipes,Huggies,144.0,199.0,Diapers,3.8,"Your baby spends a good part of their day in a diaper. Therefore, choosing the right diaper for their tender and delicate skin is extremely important. And this is where, we introduce our next-generation product, India’s 1st diaper pants with the unique Bubble-Bed technology. There are 3 areas where a diaper surrounds the baby’s skin, the baby’s bottom, the baby’s waist, and the baby’s thigh. The skin of the baby in all these areas is extremely delicate and sensitive. The next generation Bubble wala Huggies has 3 unique features which provide our best care & comfort in all these 3 areas.This next-generation diaper pant is lined with the super-soft 3-D Bubble-Bed in the inside layer of the diaper. This is so soft & fluffy that it feels like a bed against your baby’s bottom, keeping it extremely comfortable. Moreover, it absorbs the wetness and spreads it out evenly, keeping your little one's bottom dry."
26158,Premium Soft Diaper Pants - Large Size,Baby Care,Diapers & Wipes,Huggies,1780.52,2398.0,Diapers,,"Our softest for your softest. Introducing the Premium Soft Pants with the breakthrough Silky Cocoon design from Huggies. Its Cushion Waistband ensures a gentle, comfortable fit that helps prevent red marks and Silken Outer Cover Provides luxurious, silky softness. Your baby spends a good part of their day in a diaper. Therefore, choosing the right diaper for their tender and delicate skin is extremely important. And this is where, Huggies introduce the next generation product, India’s 1st diaper pants with the unique Bubble-Bed technology. This is so soft & fluffy that it feels like a bed against your baby’s bottom, keeping it extremely comfortable. Moreover, it absorbs the wetness and spreads it out evenly, keeping your little one's bottom dry."
26210,Diapers For Newborn - 2-5 Kg,Baby Care,Diapers & Wipes,Bella baby Happy,699.0,699.0,Diapers,,"Bella Baby Happy is the European brand of premium Baby products created with love for the little ones and introduced in India to ensure the highest comfort of care, so Mom and Baby can cherish the unforgettable moments of happiness together. Early care system newborns and infants require especially gentle care, that’s why early care system consists of qualities most vital for them – softness, gentleness and avoiding rushes and irritations to the sensitive skin. Specially embossed inner non-woven material provides quick absorption, and its gentle, soft structure tucks in the sensitive skin of the littlest ones along with soft outer layer that makes the diaper feel like the softest underwear. The breathable outer layer protects against irritations and wetness indicator lets the parents decide when to change the diaper. Imported from Europe Extra soft cover super soft external layer of the diaper provides a feeling of exceptional softness and comfort. Wetness indicator to ensure that your baby will always have dry skin. Happy diapers do not have any synthetic fragrances,o not contain raw material bleached with elemental chlorine and do not contain latex elements which may cause irritations in people sensitive to this material. Happy diapers are dermatologically tested."
26290,New Dry Diapers - Large,Baby Care,Diapers & Wipes,Huggies,430.05,470.0,Diapers,3.8,One of the most important baby care products that you buy for your baby is diapers. A good quality diaper can help keep your baby comfortable during play as well as sleep time. Choose Huggies New Dry Diapers – these diapers are highly absorbent and help in keeping your baby’s skin dry & fresh. These diapers are suitable for your baby’s skin to ensure uninterrupted play and nap time. Huggies New Dry is available in different sizes from Small to Large to suit your baby.
26352,Premium Soft Diaper Pants - Extra Large Size,Baby Care,Diapers & Wipes,Huggies,1091.09,1199.0,Diapers,,"Our softest for your softest. Introducing the premium soft pants with the breakthrough silky cocoon design from Huggies. Huggies premium soft pants diapers with silky cocoon silken outer cover provide luxurious, silky softness and a wetness indicator."
26426,Baby Fun - Baby Wipes,Baby Care,Diapers & Wipes,Freshones,155.0,155.0,Baby Wipes,4.0,"Baby wies are soft like baby's wash cloth, pre-mosteded with purified water and mild fragrance"
26464,Extra Absorb Large - 64 Diapers,Baby Care,Diapers & Wipes,Mamypoko,700.0,999.0,Diapers,4.3,"MamyPoko Pants Extra Absorb is a Pant Style diaper that can be used most comfortably for the baby at night. Because of the powerful slim core that can absorb up to 12 hours, it prevents leakage till morning. Therefore baby can sleep soundly all night and wake up with a big smile in the morning."
26560,Premium Paraben Free Baby Wet Wipes With Aloe Vera,Baby Care,Diapers & Wipes,Bodyguard,380.0,500.0,Baby Wipes,4.8,"BodyGuard’ Premium Baby Wet Wipes are specially made to take care of a baby.
Each wipe is

Enriched with Aloe Vera Extracts for a soft & moisturised feel.
Contains special conditioners & emollients to nourish the skin.
Ideal for cleansing during the diaper change. Probably the safest wipes for your kid with 98% DM water"
26579,Baby Diapers - Medium,Baby Care,Diapers & Wipes,Himalaya,675.0,675.0,Diapers,3.7,"Almost every baby will have diaper rash or diaper dermatitis before the age of three due to many contributing factors including poor quality diapers. It is estimated that 25% to 65% of diaper-wearing infants are affected by diaper dermatitis, making it one of the most common skin conditions in babies. Increased wetness, the mixing of faeces and urine, and a higher skin pH can cause faecal enzyme and microbe activity, which can lead to severe diaper rash. Himalaya Baby Diapers, with its unique, soft and easy-to-fit design, is specially formulated to provide the greatest comfort and care to your baby. Himalaya Baby Diaper is enriched with a blend of natural ingredients, Aloe Vera and Yashada Bhasma. With the added benefit of a super absorbent polymer layer, the diaper absorbs multiple wettings and ensures maximum protection from dampness, so that your baby gets undisturbed and restful sleep. Our ultra-soft diapers are clinically tested, hypoallergenic and free from fragrances."
26607,Premium Soft Diaper Pants - Extra Large,Baby Care,Diapers & Wipes,Huggies,363.09,399.0,Diapers,,"Our softest for your softest. Introducing the premium soft pants with the breakthrough silky cocoon design from Huggies. Huggies premium soft pants diapers extra-large size pack with silky cocoon silken outer cover provides luxurious, silky softness and a wetness indicator."
26750,"Pampers New X-Large Size Diapers Pants, 21 Count",Baby Care,Diapers & Wipes,Pampers ,391.02,399.0,Diapers,4.4,"Pampers baby diaper pants are the only pants in India with new air channels providing your baby with a new type of dryness overnight; breathable dryness. Magic Gel that locks the wetness away for up to 12 hours of dryness. The new and improved product design enables a comfortable fit, closer to the baby's body. A flexible waistband that adapts to the baby's movements for a comfortable fit. Baby lotion with aloe vera helps protect your baby's delicate skin from diaper rash and irritation. A top layer with the cotton-like soft material, for a comfortable nights sleep. Fun exterior graphics; fun designs and characters to enjoy with your baby."
26754,Baby Happy Large - 48 Diapers,Baby Care,Diapers & Wipes,Bella,739.0,739.0,Diapers,5.0,"Bella Baby Happy is the European brand of premium Baby diapers, IMPORTED FROM EUROPE. Happy diapers are featured with cutting - edge DIAPER RASH FREE SYSTEM - a complex of unique features that keep your Baby's skin healthy. Happy diapers prevent the appearance of rashes irritations, allergies and reddening. AIR CIRCULATION - special outer cover allows full air circulation that keeps the right temperature inside a diaper, lets the vapour go through and keeps your Babys skin dry, fresh and healthy. GREEN TEA EXTRACT - green tea extract has antibacterial & anti-inflammatory properties and it neutralizes unpleasant smell. SKIN FRIENDLY TECHNOLOGY - latex and chlorine free components minimise the risk of rashes and allergic reactions. MAGIC GEL - magic pearls transform the liquid into gel and isolate wetness from Baby's bottom. Fast absorption effectively protects against leakages and ensures maximum dryness. Gentle gathers on both sides of a diaper hold the moisture inside and prevent leakages. Elastic tapes guarantee freedom of movement with no pressure on Baby's delicate skin. Symmetrical pictures in front of a diaper enable proper fastening."
26905,Diaper Rash Cream,Baby Care,Diapers & Wipes,Himalaya Baby,120.0,120.0,Nappies & Rash Cream,4.3,"Himalaya Diaper Rash Cream, Almond Oil, Yashada Bhasma: A Specially formulated mild cream that results that rashes, Inflammation and irritation caused due to rubbing of diapers against baby's soft skin, Nirgundi extract relives pain, Yashada bhasma aids in healing the rashes, Aloe vera and Almond Oil soothe the skin."
26999,Pants Extra Absorb Diaper - Medium Size,Baby Care,Diapers & Wipes,Mamypoko,1339.0,1998.0,Diapers,4.3,"MamyPoko Pants Extra Absorb with a crisscross absorbent sheet which absorbs 7 glasses of urine and spreads it equally, so there's no fear of heaviness. Its stretchable thigh support prevents gaps between diaper and baby's thigh, hence prevents leakage."
27002,Diaper Pants - XX-Large,Baby Care,Diapers & Wipes,Pampers ,195.02,199.0,Diapers,4.1,"Pampers baby diaper pants are the only pants in India with new air channels providing your baby with a new type of dryness overnight; breathable dryness. Magic Gel that locks the wetness away for up to 12 hours of dryness. The new and improved product design enables a comfortable fit, closer to the baby's body. A flexible waistband that adapts to the baby's movements for a comfortable fit. Baby lotion with aloe vera helps protect your baby's delicate skin from diaper rash and irritation. A top layer with the cotton-like soft material, for a comfortable nights sleep. Fun exterior graphics; fun designs and characters to enjoy with your baby."
27099,Wonder Pants - Medium,Baby Care,Diapers & Wipes,Huggies,504.0,699.0,Diapers,4.2,"Huggies knows that nothing is more important than the comfort and well-being of your little baby. Choosing the best diaper for your baby is an important step in ensuring the comfort of your little one during the day as well as overnight. That is why we have lovingly designed Huggies Wonder Pants for the all-round comfort of your little one. These diaper pants keep your baby comfortable in the day and help them sleep peacefully at night without any wetness irritating their skin. Their cottony-soft material is gentle on their bum keeping their precious skin perfect. And their revolutionary Dry Touch Sheet pulls the wetness away from the skin of your baby keeping it dry and hygienic for up to 12 hours. If you are looking for safe and gentle care for your little one, stock up your diaper bags and changing tables with Huggies Wonder Pants."
27241,"Pants Extra Absorb Diaper For New Born - Up to 5 Kg, NB-1",Baby Care,Diapers & Wipes,Mamypoko,538.0,699.0,Diapers,4.3,"MamyPoko Pants Extra Absorb with crisscross absorbent sheet which absorbs 7 glasses of urine and spreads it equally, so there's no fear of heaviness. Its stretchable thigh support prevents gaps between diaper and baby's thigh, hence prevents leakage. Diaper does not get heavy because urine does not get collected at one place because of its crisscross absorbent sheet. Its breathable cotton like cover prevents stuffiness even when used for long hours. It comes with Cute Poko Chan Designs. It is easy to wear."
27447,Smart Baby Diaper Pants - Large,Baby Care,Diapers & Wipes,Bebe,1049.0,1049.0,Diapers,,Bebe baby-dry pants style diapers providing your baby with the comfort of dryness overnight. It comes with a magic gel that locks wetness away for up to 12 hours of dryness. The new & improved product design enables a comfortable fit and comes equipped with a flexible waist band that adapts to babys movements for a comfortable fit. It helps protect your babys delicate skin from diaper rash and irritation. It also comes equipped with a top layer with cotton-like soft material for a comfortable nights sleep.
27469,Baby Diapers - Small,Baby Care,Diapers & Wipes,Himalaya,650.0,650.0,Diapers,3.7,"Almost every baby will have diaper rash or diaper dermatitis before the age of three due to many contributing factors including poor quality diapers. It is estimated that 25% to 65% of diaper-wearing infants are affected by diaper dermatitis, making it one of the most common skin conditions in babies. Increased wetness, the mixing of faeces and urine, and a higher skin pH can cause faecal enzyme and microbe activity, which can lead to severe diaper rash. Himalaya Baby Diapers, with its unique, soft and easy-to-fit design, is specially formulated to provide the greatest comfort and care to your baby. Himalaya Baby Diaper is enriched with a blend of natural ingredients, Aloe Vera and Yashada Bhasma. With the added benefit of a super absorbent polymer layer, the diaper absorbs multiple wettings and ensures maximum protection from dampness, so that your baby gets undisturbed and restful sleep. Our ultra-soft diapers are clinically tested, hypoallergenic and free from fragrances."
